INSERT INTO TB_CHAT_CSTM_INFO (CSTM_UID,COC_ID,LINK_IP,GRADE_NUM,GRADE_MEMO,GRADE_REG_MEMBER_UID,GRADE_REG_DT,CSTM_DIV_CD,LOGIN_YN,NAME,SEX,BIRTH_DATE,CREATE_DT,CREATER,UPDATE_DT,UPDATER,CSTM_LINK_DIV_CD,CSTM_LINK_SERVICE_UID,CSTM_LINK_CUSTOMER_UID) VALUES 
('61894ef0-1f4f-4bd0-b6ef-bb38a9a62671',NULL,NULL,NULL,NULL,NULL,NULL,'CSTM','N','시뮬레이션 유저',NULL,NULL,TIMESTAMP '2019-11-11 10:34:32.000000','9999999991',TIMESTAMP '2019-12-13 15:36:56.000000','9999999991','A','43021dab-7760-4c26-8e35-145964641916','61894ef0-1f4f-4bd0-b6ef-bb38a9a62671');

INSERT INTO TB_BATCH_JOB (JOB_ID,START_YN,START_DATE) VALUES ('DELETE_LOG','N','20200116');
INSERT INTO TB_BATCH_JOB (JOB_ID,START_YN,START_DATE) VALUES ('STATISTICS','N','20200116');
INSERT INTO TB_BATCH_JOB (JOB_ID,START_YN,START_DATE) VALUES ('STATISCHATBOT','N','20200116');
INSERT INTO TB_BATCH_JOB (JOB_ID,START_YN,START_DATE) VALUES ('BREAKTIME','N','20200106');
INSERT INTO TB_BATCH_JOB (JOB_ID,START_YN,START_DATE) VALUES ('CLEANROOM','N','20200114');
INSERT INTO TB_BATCH_JOB (JOB_ID,START_YN,START_DATE) VALUES ('AUTOSTOP','N','20200116');
INSERT INTO TB_BATCH_JOB (JOB_ID,START_YN,START_DATE) VALUES ('ASSIGN','N','20200116');
INSERT INTO TB_BATCH_JOB (JOB_ID,START_YN,START_DATE) VALUES ('LOGIN30CHECK','N','20200116');

COMMIT;

INSERT INTO TB_BANK (BANK_SEQ,BANK_CD,BANK_NM,BANK_TYPE,ETC,USE_YN,CREATE_DT,CREATER) VALUES (49,'003','기업은행','B',NULL,'Y',TIMESTAMP '2019-10-30 20:04:37.000000','1000000001');
INSERT INTO TB_BANK (BANK_SEQ,BANK_CD,BANK_NM,BANK_TYPE,ETC,USE_YN,CREATE_DT,CREATER) VALUES (50,'004','국민은행','B',NULL,'Y',TIMESTAMP '2019-10-30 20:04:37.000000','1000000001');
INSERT INTO TB_BANK (BANK_SEQ,BANK_CD,BANK_NM,BANK_TYPE,ETC,USE_YN,CREATE_DT,CREATER) VALUES (51,'005','외환은행','B',NULL,'Y',TIMESTAMP '2019-10-30 20:04:37.000000','1000000001');
INSERT INTO TB_BANK (BANK_SEQ,BANK_CD,BANK_NM,BANK_TYPE,ETC,USE_YN,CREATE_DT,CREATER) VALUES (54,'011','농협중앙회','B',NULL,'Y',TIMESTAMP '2019-10-30 20:04:37.000000','1000000001');
INSERT INTO TB_BANK (BANK_SEQ,BANK_CD,BANK_NM,BANK_TYPE,ETC,USE_YN,CREATE_DT,CREATER) VALUES (56,'020','우리은행','B',NULL,'Y',TIMESTAMP '2019-10-30 20:04:37.000000','1000000001');
INSERT INTO TB_BANK (BANK_SEQ,BANK_CD,BANK_NM,BANK_TYPE,ETC,USE_YN,CREATE_DT,CREATER) VALUES (57,'023','SC제일은행','B',NULL,'Y',TIMESTAMP '2019-10-30 20:04:37.000000','1000000001');
INSERT INTO TB_BANK (BANK_SEQ,BANK_CD,BANK_NM,BANK_TYPE,ETC,USE_YN,CREATE_DT,CREATER) VALUES (59,'031','대구은행','B',NULL,'Y',TIMESTAMP '2019-10-30 20:04:37.000000','1000000001');
INSERT INTO TB_BANK (BANK_SEQ,BANK_CD,BANK_NM,BANK_TYPE,ETC,USE_YN,CREATE_DT,CREATER) VALUES (60,'032','부산은행','B',NULL,'Y',TIMESTAMP '2019-10-30 20:04:37.000000','1000000001');
INSERT INTO TB_BANK (BANK_SEQ,BANK_CD,BANK_NM,BANK_TYPE,ETC,USE_YN,CREATE_DT,CREATER) VALUES (64,'039','경남은행','B',NULL,'Y',TIMESTAMP '2019-10-30 20:04:37.000000','1000000001');
INSERT INTO TB_BANK (BANK_SEQ,BANK_CD,BANK_NM,BANK_TYPE,ETC,USE_YN,CREATE_DT,CREATER) VALUES (82,'081','하나은행','B',NULL,'Y',TIMESTAMP '2019-10-30 20:04:37.000000','1000000001');
INSERT INTO TB_BANK (BANK_SEQ,BANK_CD,BANK_NM,BANK_TYPE,ETC,USE_YN,CREATE_DT,CREATER) VALUES (84,'001','한국은행','B',NULL,'Y',TIMESTAMP '2019-10-30 20:04:37.000000','1000000001');
INSERT INTO TB_BANK (BANK_SEQ,BANK_CD,BANK_NM,BANK_TYPE,ETC,USE_YN,CREATE_DT,CREATER) VALUES (85,'002','산업은행','B',NULL,'Y',TIMESTAMP '2019-10-30 20:04:37.000000','1000000001');
INSERT INTO TB_BANK (BANK_SEQ,BANK_CD,BANK_NM,BANK_TYPE,ETC,USE_YN,CREATE_DT,CREATER) VALUES (86,'007','수협중앙회','B',NULL,'Y',TIMESTAMP '2019-10-30 20:04:37.000000','1000000001');
INSERT INTO TB_BANK (BANK_SEQ,BANK_CD,BANK_NM,BANK_TYPE,ETC,USE_YN,CREATE_DT,CREATER) VALUES (87,'008','수출입은행','B',NULL,'Y',TIMESTAMP '2019-10-30 20:04:37.000000','1000000001');
INSERT INTO TB_BANK (BANK_SEQ,BANK_CD,BANK_NM,BANK_TYPE,ETC,USE_YN,CREATE_DT,CREATER) VALUES (88,'012','농협회원조합','B',NULL,'Y',TIMESTAMP '2019-10-30 20:04:37.000000','1000000001');
INSERT INTO TB_BANK (BANK_SEQ,BANK_CD,BANK_NM,BANK_TYPE,ETC,USE_YN,CREATE_DT,CREATER) VALUES (89,'027','한국씨티은행','B',NULL,'Y',TIMESTAMP '2019-10-30 20:04:37.000000','1000000001');
INSERT INTO TB_BANK (BANK_SEQ,BANK_CD,BANK_NM,BANK_TYPE,ETC,USE_YN,CREATE_DT,CREATER) VALUES (90,'034','광주은행','B',NULL,'Y',TIMESTAMP '2019-10-30 20:04:37.000000','1000000001');
INSERT INTO TB_BANK (BANK_SEQ,BANK_CD,BANK_NM,BANK_TYPE,ETC,USE_YN,CREATE_DT,CREATER) VALUES (91,'035','제주은행','B',NULL,'Y',TIMESTAMP '2019-10-30 20:04:37.000000','1000000001');
INSERT INTO TB_BANK (BANK_SEQ,BANK_CD,BANK_NM,BANK_TYPE,ETC,USE_YN,CREATE_DT,CREATER) VALUES (92,'037','전북은행','B',NULL,'Y',TIMESTAMP '2019-10-30 20:04:37.000000','1000000001');
INSERT INTO TB_BANK (BANK_SEQ,BANK_CD,BANK_NM,BANK_TYPE,ETC,USE_YN,CREATE_DT,CREATER) VALUES (93,'045','새마을금고연합회','B',NULL,'Y',TIMESTAMP '2019-10-30 20:04:37.000000','1000000001');
INSERT INTO TB_BANK (BANK_SEQ,BANK_CD,BANK_NM,BANK_TYPE,ETC,USE_YN,CREATE_DT,CREATER) VALUES (94,'048','신협중앙회','B',NULL,'Y',TIMESTAMP '2019-10-30 20:04:37.000000','1000000001');
INSERT INTO TB_BANK (BANK_SEQ,BANK_CD,BANK_NM,BANK_TYPE,ETC,USE_YN,CREATE_DT,CREATER) VALUES (95,'050','상호저축은행','B',NULL,'Y',TIMESTAMP '2019-10-30 20:04:37.000000','1000000001');
INSERT INTO TB_BANK (BANK_SEQ,BANK_CD,BANK_NM,BANK_TYPE,ETC,USE_YN,CREATE_DT,CREATER) VALUES (96,'051','외국은행','B',NULL,'Y',TIMESTAMP '2019-10-30 20:04:37.000000','1000000001');
INSERT INTO TB_BANK (BANK_SEQ,BANK_CD,BANK_NM,BANK_TYPE,ETC,USE_YN,CREATE_DT,CREATER) VALUES (97,'052','모건스탠리은행','B',NULL,'Y',TIMESTAMP '2019-10-30 20:04:37.000000','1000000001');
INSERT INTO TB_BANK (BANK_SEQ,BANK_CD,BANK_NM,BANK_TYPE,ETC,USE_YN,CREATE_DT,CREATER) VALUES (98,'054','HSBC은행','B',NULL,'Y',TIMESTAMP '2019-10-30 20:04:37.000000','1000000001');
INSERT INTO TB_BANK (BANK_SEQ,BANK_CD,BANK_NM,BANK_TYPE,ETC,USE_YN,CREATE_DT,CREATER) VALUES (99,'055','도이치은행','B',NULL,'Y',TIMESTAMP '2019-10-30 20:04:37.000000','1000000001');
INSERT INTO TB_BANK (BANK_SEQ,BANK_CD,BANK_NM,BANK_TYPE,ETC,USE_YN,CREATE_DT,CREATER) VALUES (100,'056','알비에스은행','B',NULL,'Y',TIMESTAMP '2019-10-30 20:04:37.000000','1000000001');
INSERT INTO TB_BANK (BANK_SEQ,BANK_CD,BANK_NM,BANK_TYPE,ETC,USE_YN,CREATE_DT,CREATER) VALUES (101,'057','제이피모간체이스은행','B',NULL,'Y',TIMESTAMP '2019-10-30 20:04:37.000000','1000000001');
INSERT INTO TB_BANK (BANK_SEQ,BANK_CD,BANK_NM,BANK_TYPE,ETC,USE_YN,CREATE_DT,CREATER) VALUES (102,'058','미즈호코퍼레이트은행','B',NULL,'Y',TIMESTAMP '2019-10-30 20:04:37.000000','1000000001');
INSERT INTO TB_BANK (BANK_SEQ,BANK_CD,BANK_NM,BANK_TYPE,ETC,USE_YN,CREATE_DT,CREATER) VALUES (103,'059','미쓰비시도쿄UFJ은행','B',NULL,'Y',TIMESTAMP '2019-10-30 20:04:37.000000','1000000001');
INSERT INTO TB_BANK (BANK_SEQ,BANK_CD,BANK_NM,BANK_TYPE,ETC,USE_YN,CREATE_DT,CREATER) VALUES (104,'060','BOA은행','B',NULL,'Y',TIMESTAMP '2019-10-30 20:04:37.000000','1000000001');
INSERT INTO TB_BANK (BANK_SEQ,BANK_CD,BANK_NM,BANK_TYPE,ETC,USE_YN,CREATE_DT,CREATER) VALUES (105,'061','비엔피파리바은행','B',NULL,'Y',TIMESTAMP '2019-10-30 20:04:37.000000','1000000001');
INSERT INTO TB_BANK (BANK_SEQ,BANK_CD,BANK_NM,BANK_TYPE,ETC,USE_YN,CREATE_DT,CREATER) VALUES (106,'064','산림조합중앙회','B',NULL,'Y',TIMESTAMP '2019-10-30 20:04:37.000000','1000000001');
INSERT INTO TB_BANK (BANK_SEQ,BANK_CD,BANK_NM,BANK_TYPE,ETC,USE_YN,CREATE_DT,CREATER) VALUES (107,'071','지식경제부 우체국','B',NULL,'Y',TIMESTAMP '2019-10-30 20:04:37.000000','1000000001');
INSERT INTO TB_BANK (BANK_SEQ,BANK_CD,BANK_NM,BANK_TYPE,ETC,USE_YN,CREATE_DT,CREATER) VALUES (108,'076','신용보증기금','B',NULL,'Y',TIMESTAMP '2019-10-30 20:04:37.000000','1000000001');
INSERT INTO TB_BANK (BANK_SEQ,BANK_CD,BANK_NM,BANK_TYPE,ETC,USE_YN,CREATE_DT,CREATER) VALUES (109,'077','기술보증기금','B',NULL,'Y',TIMESTAMP '2019-10-30 20:04:37.000000','1000000001');
INSERT INTO TB_BANK (BANK_SEQ,BANK_CD,BANK_NM,BANK_TYPE,ETC,USE_YN,CREATE_DT,CREATER) VALUES (110,'026','신한은행','B',NULL,'Y',TIMESTAMP '2019-10-30 20:04:37.000000','1000000001');
INSERT INTO TB_BANK (BANK_SEQ,BANK_CD,BANK_NM,BANK_TYPE,ETC,USE_YN,CREATE_DT,CREATER) VALUES (111,'089','케이뱅크','B',NULL,'Y',TIMESTAMP '2019-10-30 20:04:37.000000','1000000001');
INSERT INTO TB_BANK (BANK_SEQ,BANK_CD,BANK_NM,BANK_TYPE,ETC,USE_YN,CREATE_DT,CREATER) VALUES (112,'090','카카오뱅크','B',NULL,'Y',TIMESTAMP '2019-10-30 20:04:37.000000','1000000001');
INSERT INTO TB_BANK (BANK_SEQ,BANK_CD,BANK_NM,BANK_TYPE,ETC,USE_YN,CREATE_DT,CREATER) VALUES (113,'092','한국정책금융공사','B',NULL,'Y',TIMESTAMP '2019-10-30 20:04:37.000000','1000000001');
INSERT INTO TB_BANK (BANK_SEQ,BANK_CD,BANK_NM,BANK_TYPE,ETC,USE_YN,CREATE_DT,CREATER) VALUES (114,'093','한국주택금융공사','B',NULL,'Y',TIMESTAMP '2019-10-30 20:04:37.000000','1000000001');
INSERT INTO TB_BANK (BANK_SEQ,BANK_CD,BANK_NM,BANK_TYPE,ETC,USE_YN,CREATE_DT,CREATER) VALUES (115,'094','서울보증보험','B',NULL,'Y',TIMESTAMP '2019-10-30 20:04:37.000000','1000000001');
INSERT INTO TB_BANK (BANK_SEQ,BANK_CD,BANK_NM,BANK_TYPE,ETC,USE_YN,CREATE_DT,CREATER) VALUES (116,'095','경찰청','B',NULL,'Y',TIMESTAMP '2019-10-30 20:04:37.000000','1000000001');
INSERT INTO TB_BANK (BANK_SEQ,BANK_CD,BANK_NM,BANK_TYPE,ETC,USE_YN,CREATE_DT,CREATER) VALUES (117,'096','한국전자금융(주)','B',NULL,'Y',TIMESTAMP '2019-10-30 20:04:37.000000','1000000001');
INSERT INTO TB_BANK (BANK_SEQ,BANK_CD,BANK_NM,BANK_TYPE,ETC,USE_YN,CREATE_DT,CREATER) VALUES (118,'097','웰스파고은행','B',NULL,'Y',TIMESTAMP '2019-10-30 20:04:37.000000','1000000001');
INSERT INTO TB_BANK (BANK_SEQ,BANK_CD,BANK_NM,BANK_TYPE,ETC,USE_YN,CREATE_DT,CREATER) VALUES (119,'099','금융결제원','B',NULL,'Y',TIMESTAMP '2019-10-30 20:04:37.000000','1000000001');

INSERT INTO TB_CARD (CARD_SEQ,CARD_CD,CARD_NM,CARD_TYPE,ETC,USE_YN,CREATE_DT,CREATER) VALUES (1,'BC','비씨카드','C',NULL,'Y',TIMESTAMP '2019-10-30 23:35:11.000000','1000000001');
INSERT INTO TB_CARD (CARD_SEQ,CARD_CD,CARD_NM,CARD_TYPE,ETC,USE_YN,CREATE_DT,CREATER) VALUES (2,'CB','산은캐피탈','C',NULL,'Y',TIMESTAMP '2019-10-30 23:35:11.000000','1000000001');
INSERT INTO TB_CARD (CARD_SEQ,CARD_CD,CARD_NM,CARD_TYPE,ETC,USE_YN,CREATE_DT,CREATER) VALUES (3,'CT','씨티','C',NULL,'Y',TIMESTAMP '2019-10-30 23:35:11.000000','1000000001');
INSERT INTO TB_CARD (CARD_SEQ,CARD_CD,CARD_NM,CARD_TYPE,ETC,USE_YN,CREATE_DT,CREATER) VALUES (4,'FF','수협카드','C',NULL,'Y',TIMESTAMP '2019-10-30 23:35:11.000000','1000000001');
INSERT INTO TB_CARD (CARD_SEQ,CARD_CD,CARD_NM,CARD_TYPE,ETC,USE_YN,CREATE_DT,CREATER) VALUES (5,'HD','현대카드','C',NULL,'Y',TIMESTAMP '2019-10-30 23:35:11.000000','1000000001');
INSERT INTO TB_CARD (CARD_SEQ,CARD_CD,CARD_NM,CARD_TYPE,ETC,USE_YN,CREATE_DT,CREATER) VALUES (6,'HV','하나비자','C',NULL,'Y',TIMESTAMP '2019-10-30 23:35:11.000000','1000000001');
INSERT INTO TB_CARD (CARD_SEQ,CARD_CD,CARD_NM,CARD_TYPE,ETC,USE_YN,CREATE_DT,CREATER) VALUES (7,'JB','전북카드','C',NULL,'Y',TIMESTAMP '2019-10-30 23:35:11.000000','1000000001');
INSERT INTO TB_CARD (CARD_SEQ,CARD_CD,CARD_NM,CARD_TYPE,ETC,USE_YN,CREATE_DT,CREATER) VALUES (8,'JJ','제주','C',NULL,'Y',TIMESTAMP '2019-10-30 23:35:11.000000','1000000001');
INSERT INTO TB_CARD (CARD_SEQ,CARD_CD,CARD_NM,CARD_TYPE,ETC,USE_YN,CREATE_DT,CREATER) VALUES (9,'KB','국민은행','C',NULL,'Y',TIMESTAMP '2019-10-30 23:35:11.000000','1000000001');
INSERT INTO TB_CARD (CARD_SEQ,CARD_CD,CARD_NM,CARD_TYPE,ETC,USE_YN,CREATE_DT,CREATER) VALUES (10,'KE','외환은행','C',NULL,'Y',TIMESTAMP '2019-10-30 23:35:11.000000','1000000001');
INSERT INTO TB_CARD (CARD_SEQ,CARD_CD,CARD_NM,CARD_TYPE,ETC,USE_YN,CREATE_DT,CREATER) VALUES (11,'KJ','광주카드','C',NULL,'Y',TIMESTAMP '2019-10-30 23:35:11.000000','1000000001');
INSERT INTO TB_CARD (CARD_SEQ,CARD_CD,CARD_NM,CARD_TYPE,ETC,USE_YN,CREATE_DT,CREATER) VALUES (12,'LG','엘지카드','C',NULL,'Y',TIMESTAMP '2019-10-30 23:35:11.000000','1000000001');
INSERT INTO TB_CARD (CARD_SEQ,CARD_CD,CARD_NM,CARD_TYPE,ETC,USE_YN,CREATE_DT,CREATER) VALUES (13,'LO','롯데카드','C',NULL,'Y',TIMESTAMP '2019-10-30 23:35:11.000000','1000000001');
INSERT INTO TB_CARD (CARD_SEQ,CARD_CD,CARD_NM,CARD_TYPE,ETC,USE_YN,CREATE_DT,CREATER) VALUES (14,'NH','농협','C',NULL,'Y',TIMESTAMP '2019-10-30 23:35:11.000000','1000000001');
INSERT INTO TB_CARD (CARD_SEQ,CARD_CD,CARD_NM,CARD_TYPE,ETC,USE_YN,CREATE_DT,CREATER) VALUES (15,'SH','신한카드','C',NULL,'Y',TIMESTAMP '2019-10-30 23:35:11.000000','1000000001');
INSERT INTO TB_CARD (CARD_SEQ,CARD_CD,CARD_NM,CARD_TYPE,ETC,USE_YN,CREATE_DT,CREATER) VALUES (16,'SS','삼성카드','C',NULL,'Y',TIMESTAMP '2019-10-30 23:35:11.000000','1000000001');

INSERT INTO TB_CD (CD_GROUP,CD,CD_NM,SIM_NM,CD_DESC,SEQ,USE_YN,CREATE_DT) VALUES ('AUTO_CMP_CUS','C','공용','공용',NULL,1,'Y',TIMESTAMP '2018-10-19 00:00:00.000000');
INSERT INTO TB_CD (CD_GROUP,CD,CD_NM,SIM_NM,CD_DESC,SEQ,USE_YN,CREATE_DT) VALUES ('AUTO_CMP_CUS','P','개인','개인',NULL,2,'Y',TIMESTAMP '2018-10-19 00:00:00.000000');
INSERT INTO TB_CD (CD_GROUP,CD,CD_NM,SIM_NM,CD_DESC,SEQ,USE_YN,CREATE_DT) VALUES ('DEPART_CD','TM','TM 부서','TM',NULL,1,'Y',TIMESTAMP '2018-10-19 00:00:00.000000');
INSERT INTO TB_CD (CD_GROUP,CD,CD_NM,SIM_NM,CD_DESC,SEQ,USE_YN,CREATE_DT) VALUES ('DEPART_CD','CS','CS 부서','CS',NULL,2,'Y',TIMESTAMP '2018-10-19 00:00:00.000000');
INSERT INTO TB_CD (CD_GROUP,CD,CD_NM,SIM_NM,CD_DESC,SEQ,USE_YN,CREATE_DT) VALUES ('MEMBER_DIV_CD','S','슈퍼 관리자','슈퍼 관리자',NULL,1,'Y',TIMESTAMP '2018-10-19 00:00:00.000000');
INSERT INTO TB_CD (CD_GROUP,CD,CD_NM,SIM_NM,CD_DESC,SEQ,USE_YN,CREATE_DT) VALUES ('MEMBER_DIV_CD','A','사이트 관리자','사이트 관리자',NULL,2,'Y',TIMESTAMP '2018-10-19 00:00:00.000000');
INSERT INTO TB_CD (CD_GROUP,CD,CD_NM,SIM_NM,CD_DESC,SEQ,USE_YN,CREATE_DT) VALUES ('MEMBER_DIV_CD','M','매니저','매니저',NULL,3,'Y',TIMESTAMP '2018-10-19 00:00:00.000000');
INSERT INTO TB_CD (CD_GROUP,CD,CD_NM,SIM_NM,CD_DESC,SEQ,USE_YN,CREATE_DT) VALUES ('MEMBER_DIV_CD','C','상담원','상담원',NULL,4,'Y',TIMESTAMP '2018-10-19 00:00:00.000000');
INSERT INTO TB_CD (CD_GROUP,CD,CD_NM,SIM_NM,CD_DESC,SEQ,USE_YN,CREATE_DT) VALUES ('MEMBER_DIV_CD','R','로봇','로봇',NULL,5,'Y',TIMESTAMP '2018-10-19 00:00:00.000000');
INSERT INTO TB_CD (CD_GROUP,CD,CD_NM,SIM_NM,CD_DESC,SEQ,USE_YN,CREATE_DT) VALUES ('WORK_STATUS_CD','W','근무중','근무중',NULL,1,'Y',TIMESTAMP '2018-10-19 00:00:00.000000');
INSERT INTO TB_CD (CD_GROUP,CD,CD_NM,SIM_NM,CD_DESC,SEQ,USE_YN,CREATE_DT) VALUES ('WORK_STATUS_CD','R','휴식중','휴식중',NULL,2,'Y',TIMESTAMP '2018-10-19 00:00:00.000000');
INSERT INTO TB_CD (CD_GROUP,CD,CD_NM,SIM_NM,CD_DESC,SEQ,USE_YN,CREATE_DT) VALUES ('CNSR_DIV_CD','C','상담원','상담원',NULL,1,'Y',TIMESTAMP '2018-10-19 00:00:00.000000');
INSERT INTO TB_CD (CD_GROUP,CD,CD_NM,SIM_NM,CD_DESC,SEQ,USE_YN,CREATE_DT) VALUES ('CNSR_DIV_CD','R','로봇','로봇',NULL,2,'Y',TIMESTAMP '2018-10-19 00:00:00.000000');
INSERT INTO TB_CD (CD_GROUP,CD,CD_NM,SIM_NM,CD_DESC,SEQ,USE_YN,CREATE_DT) VALUES ('CSTM_LINK_DIV_CD','A','웹채팅','웹채팅',NULL,1,'Y',TIMESTAMP '2018-10-19 00:00:00.000000');
INSERT INTO TB_CD (CD_GROUP,CD,CD_NM,SIM_NM,CD_DESC,SEQ,USE_YN,CREATE_DT) VALUES ('CSTM_LINK_DIV_CD','B','카카오톡','카카오톡',NULL,2,'Y',TIMESTAMP '2018-10-19 00:00:00.000000');
INSERT INTO TB_CD (CD_GROUP,CD,CD_NM,SIM_NM,CD_DESC,SEQ,USE_YN,CREATE_DT) VALUES ('CSTM_LINK_DIV_CD','C','네이버톡톡','네이버톡톡',NULL,3,'Y',TIMESTAMP '2018-10-19 00:00:00.000000');
INSERT INTO TB_CD (CD_GROUP,CD,CD_NM,SIM_NM,CD_DESC,SEQ,USE_YN,CREATE_DT) VALUES ('CHAT_ROOM_STATUS_CD','11','챗봇상담','챗봇상담','챗봇 상담 중',1,'Y',TIMESTAMP '2018-10-19 00:00:00.000000');
INSERT INTO TB_CD (CD_GROUP,CD,CD_NM,SIM_NM,CD_DESC,SEQ,USE_YN,CREATE_DT) VALUES ('CHAT_ROOM_STATUS_CD','31','미배정','미배정','상담원 접수 대기 - 미배정',2,'Y',TIMESTAMP '2018-10-19 00:00:00.000000');
INSERT INTO TB_CD (CD_GROUP,CD,CD_NM,SIM_NM,CD_DESC,SEQ,USE_YN,CREATE_DT) VALUES ('CHAT_ROOM_STATUS_CD','41','미접수','미접수','상담원 최초 응대전 - 미접수',3,'Y',TIMESTAMP '2018-10-19 00:00:00.000000');
INSERT INTO TB_CD (CD_GROUP,CD,CD_NM,SIM_NM,CD_DESC,SEQ,USE_YN,CREATE_DT) VALUES ('CHAT_ROOM_STATUS_CD','51','응대필요','응대필요','상담중 - 고객 질문 후 상담원 답변 대기중',4,'Y',TIMESTAMP '2018-10-19 00:00:00.000000');
INSERT INTO TB_CD (CD_GROUP,CD,CD_NM,SIM_NM,CD_DESC,SEQ,USE_YN,CREATE_DT) VALUES ('CHAT_ROOM_STATUS_CD','61','고객답변','고객답변','상담중 - 상담원 답변 후 고객 질문 대기중',5,'Y',TIMESTAMP '2018-10-19 00:00:00.000000');
INSERT INTO TB_CD (CD_GROUP,CD,CD_NM,SIM_NM,CD_DESC,SEQ,USE_YN,CREATE_DT) VALUES ('CHAT_ROOM_STATUS_CD','91','종료','종료','상담 종료',6,'Y',TIMESTAMP '2018-10-19 00:00:00.000000');
INSERT INTO TB_CD (CD_GROUP,CD,CD_NM,SIM_NM,CD_DESC,SEQ,USE_YN,CREATE_DT) VALUES ('END_DIV_CD','C_CSTM','고객종료(상담원대화)','상담원대화','상담원과 대화 - 고객 종료',1,'Y',TIMESTAMP '2018-10-19 00:00:00.000000');
INSERT INTO TB_CD (CD_GROUP,CD,CD_NM,SIM_NM,CD_DESC,SEQ,USE_YN,CREATE_DT) VALUES ('END_DIV_CD','C_CNSR','상담원종료(상담원대화)','상담원대화','상담원과 대화 - 상담원 종료',2,'Y',TIMESTAMP '2018-10-19 00:00:00.000000');
INSERT INTO TB_CD (CD_GROUP,CD,CD_NM,SIM_NM,CD_DESC,SEQ,USE_YN,CREATE_DT) VALUES ('END_DIV_CD','B_CSTM','고객종료(챗봇과대화)','챗봇과대화','챗봇과 대화 - 고객 종료',3,'Y',TIMESTAMP '2018-10-19 00:00:00.000000');
INSERT INTO TB_CD (CD_GROUP,CD,CD_NM,SIM_NM,CD_DESC,SEQ,USE_YN,CREATE_DT) VALUES ('END_DIV_CD','C_TIME','시간자동종료(상담원대화)','상담원대화','상담원과 대화 - 시간 자동 종료',4,'Y',TIMESTAMP '2018-10-19 00:00:00.000000');
INSERT INTO TB_CD (CD_GROUP,CD,CD_NM,SIM_NM,CD_DESC,SEQ,USE_YN,CREATE_DT) VALUES ('END_DIV_CD','B_TIME','시간자동종료(챗봇과대화)','챗봇과대화','챗봇과 대화 - 시간 자동 종료',5,'Y',TIMESTAMP '2018-10-19 00:00:00.000000');
INSERT INTO TB_CD (CD_GROUP,CD,CD_NM,SIM_NM,CD_DESC,SEQ,USE_YN,CREATE_DT) VALUES ('END_DIV_CD','C_BAT','날짜자동종료(상담원대화)','상담원대화','상담원과 대화 - 날짜 경과 자동 종료',6,'Y',TIMESTAMP '2018-10-19 00:00:00.000000');
INSERT INTO TB_CD (CD_GROUP,CD,CD_NM,SIM_NM,CD_DESC,SEQ,USE_YN,CREATE_DT) VALUES ('END_DIV_CD','NORMAL','종료','종료','종료',7,'Y',TIMESTAMP '2018-10-19 00:00:00.000000');
INSERT INTO TB_CD (CD_GROUP,CD,CD_NM,SIM_NM,CD_DESC,SEQ,USE_YN,CREATE_DT) VALUES ('END_DIV_CD','A','고객 종료','고객 종료',NULL,1,'Y',TIMESTAMP '2018-10-19 00:00:00.000000');
INSERT INTO TB_CD (CD_GROUP,CD,CD_NM,SIM_NM,CD_DESC,SEQ,USE_YN,CREATE_DT) VALUES ('END_DIV_CD','B','상담원 종료','상담원 종료',NULL,2,'Y',TIMESTAMP '2018-10-19 00:00:00.000000');
INSERT INTO TB_CD (CD_GROUP,CD,CD_NM,SIM_NM,CD_DESC,SEQ,USE_YN,CREATE_DT) VALUES ('END_DIV_CD','C','자동 종료','자동 종료',NULL,3,'Y',TIMESTAMP '2018-10-19 00:00:00.000000');
INSERT INTO TB_CD (CD_GROUP,CD,CD_NM,SIM_NM,CD_DESC,SEQ,USE_YN,CREATE_DT) VALUES ('END_DIV_CD','D','봇상담 종료','봇상담 종료',NULL,4,'Y',TIMESTAMP '2018-10-19 00:00:00.000000');
INSERT INTO TB_CD (CD_GROUP,CD,CD_NM,SIM_NM,CD_DESC,SEQ,USE_YN,CREATE_DT) VALUES ('END_DIV_CD','E','종료','종료',NULL,5,'Y',TIMESTAMP '2018-10-19 00:00:00.000000');
INSERT INTO TB_CD (CD_GROUP,CD,CD_NM,SIM_NM,CD_DESC,SEQ,USE_YN,CREATE_DT) VALUES ('SENDER_DIV_CD','C','상담원','상담원',NULL,1,'Y',TIMESTAMP '2018-10-19 00:00:00.000000');
INSERT INTO TB_CD (CD_GROUP,CD,CD_NM,SIM_NM,CD_DESC,SEQ,USE_YN,CREATE_DT) VALUES ('SENDER_DIV_CD','R','로봇','로봇',NULL,2,'Y',TIMESTAMP '2018-10-19 00:00:00.000000');
INSERT INTO TB_CD (CD_GROUP,CD,CD_NM,SIM_NM,CD_DESC,SEQ,USE_YN,CREATE_DT) VALUES ('SENDER_DIV_CD','U','고객','고객',NULL,3,'Y',TIMESTAMP '2018-10-19 00:00:00.000000');
INSERT INTO TB_CD (CD_GROUP,CD,CD_NM,SIM_NM,CD_DESC,SEQ,USE_YN,CREATE_DT) VALUES ('CONT_DIV_CD','T','텍스트','텍스트',NULL,1,'Y',TIMESTAMP '2018-10-19 00:00:00.000000');
INSERT INTO TB_CD (CD_GROUP,CD,CD_NM,SIM_NM,CD_DESC,SEQ,USE_YN,CREATE_DT) VALUES ('CONT_DIV_CD','F','파일','파일',NULL,2,'Y',TIMESTAMP '2018-10-19 00:00:00.000000');
INSERT INTO TB_CD (CD_GROUP,CD,CD_NM,SIM_NM,CD_DESC,SEQ,USE_YN,CREATE_DT) VALUES ('CONT_DIV_CD','M','메모','메모',NULL,3,'Y',TIMESTAMP '2018-10-19 00:00:00.000000');
INSERT INTO TB_CD (CD_GROUP,CD,CD_NM,SIM_NM,CD_DESC,SEQ,USE_YN,CREATE_DT) VALUES ('MSG_STATUS_CD','SEND','송신','송신',NULL,1,'Y',TIMESTAMP '2018-10-19 00:00:00.000000');
INSERT INTO TB_CD (CD_GROUP,CD,CD_NM,SIM_NM,CD_DESC,SEQ,USE_YN,CREATE_DT) VALUES ('MSG_STATUS_CD','RECEIVE','수신','수신',NULL,2,'Y',TIMESTAMP '2018-10-19 00:00:00.000000');
INSERT INTO TB_CD (CD_GROUP,CD,CD_NM,SIM_NM,CD_DESC,SEQ,USE_YN,CREATE_DT) VALUES ('MSG_STATUS_CD','READ','읽음','읽음',NULL,3,'Y',TIMESTAMP '2018-10-19 00:00:00.000000');
INSERT INTO TB_CD (CD_GROUP,CD,CD_NM,SIM_NM,CD_DESC,SEQ,USE_YN,CREATE_DT) VALUES ('TPL_DIV_CD','P','개인','개인',NULL,1,'Y',TIMESTAMP '2018-10-19 00:00:00.000000');
INSERT INTO TB_CD (CD_GROUP,CD,CD_NM,SIM_NM,CD_DESC,SEQ,USE_YN,CREATE_DT) VALUES ('TPL_DIV_CD','G','그룹','그룹',NULL,2,'Y',TIMESTAMP '2018-10-19 00:00:00.000000');
INSERT INTO TB_CD (CD_GROUP,CD,CD_NM,SIM_NM,CD_DESC,SEQ,USE_YN,CREATE_DT) VALUES ('TPL_MSG_DIV_CD','TEXT','TEXT','TEXT',NULL,1,'Y',TIMESTAMP '2018-10-19 00:00:00.000000');
INSERT INTO TB_CD (CD_GROUP,CD,CD_NM,SIM_NM,CD_DESC,SEQ,USE_YN,CREATE_DT) VALUES ('TPL_MSG_DIV_CD','NORMAL','NORMAL','NORMAL',NULL,2,'Y',TIMESTAMP '2018-10-19 00:00:00.000000');
INSERT INTO TB_CD (CD_GROUP,CD,CD_NM,SIM_NM,CD_DESC,SEQ,USE_YN,CREATE_DT) VALUES ('CHNG_DIV_CD','AUTO','자동 매칭','자동 매칭',NULL,1,'Y',TIMESTAMP '2018-10-19 00:00:00.000000');
INSERT INTO TB_CD (CD_GROUP,CD,CD_NM,SIM_NM,CD_DESC,SEQ,USE_YN,CREATE_DT) VALUES ('CHNG_DIV_CD','MANAGER','매니저가 지정','매니저가 지정',NULL,2,'Y',TIMESTAMP '2018-10-19 00:00:00.000000');
INSERT INTO TB_CD (CD_GROUP,CD,CD_NM,SIM_NM,CD_DESC,SEQ,USE_YN,CREATE_DT) VALUES ('CHNG_DIV_CD','COUNSEL','상담원이 지정','상담원이 지정',NULL,3,'Y',TIMESTAMP '2018-10-19 00:00:00.000000');
INSERT INTO TB_CD (CD_GROUP,CD,CD_NM,SIM_NM,CD_DESC,SEQ,USE_YN,CREATE_DT) VALUES ('CHNG_DIV_CD','SELF','본인이 선택','본인이 선택',NULL,4,'Y',TIMESTAMP '2018-10-19 00:00:00.000000');
INSERT INTO TB_CD (CD_GROUP,CD,CD_NM,SIM_NM,CD_DESC,SEQ,USE_YN,CREATE_DT) VALUES ('AVATAR_DIV_CD','C','상담원','상담원',NULL,1,'Y',TIMESTAMP '2018-10-19 00:00:00.000000');
INSERT INTO TB_CD (CD_GROUP,CD,CD_NM,SIM_NM,CD_DESC,SEQ,USE_YN,CREATE_DT) VALUES ('AVATAR_DIV_CD','U','고객','고객',NULL,2,'Y',TIMESTAMP '2018-10-19 00:00:00.000000');
INSERT INTO TB_CD (CD_GROUP,CD,CD_NM,SIM_NM,CD_DESC,SEQ,USE_YN,CREATE_DT) VALUES ('LOG_DIV_CD','A','로그인','로그인',NULL,1,'Y',TIMESTAMP '2018-10-19 00:00:00.000000');
INSERT INTO TB_CD (CD_GROUP,CD,CD_NM,SIM_NM,CD_DESC,SEQ,USE_YN,CREATE_DT) VALUES ('LOG_DIV_CD','B','서비스 기본 설정','서비스 기본 설정',NULL,2,'Y',TIMESTAMP '2018-10-19 00:00:00.000000');
INSERT INTO TB_CD (CD_GROUP,CD,CD_NM,SIM_NM,CD_DESC,SEQ,USE_YN,CREATE_DT) VALUES ('LOG_DIV_CD','C','서비스 관리','서비스 관리',NULL,3,'Y',TIMESTAMP '2018-10-19 00:00:00.000000');
INSERT INTO TB_CD (CD_GROUP,CD,CD_NM,SIM_NM,CD_DESC,SEQ,USE_YN,CREATE_DT) VALUES ('LOG_DIV_CD','D','상담원 관리','상담원 관리',NULL,4,'Y',TIMESTAMP '2018-10-19 00:00:00.000000');
INSERT INTO TB_CD (CD_GROUP,CD,CD_NM,SIM_NM,CD_DESC,SEQ,USE_YN,CREATE_DT) VALUES ('LOG_DIV_CD','E','시스템','시스템',NULL,5,'Y',TIMESTAMP '2018-10-19 00:00:00.000000');
INSERT INTO TB_CD (CD_GROUP,CD,CD_NM,SIM_NM,CD_DESC,SEQ,USE_YN,CREATE_DT) VALUES ('LOG_DIV_CD','F','로그아웃','로그아웃',NULL,6,'Y',TIMESTAMP '2018-10-19 00:00:00.000000');
INSERT INTO TB_CD (CD_GROUP,CD,CD_NM,SIM_NM,CD_DESC,SEQ,USE_YN,CREATE_DT) VALUES ('NOTICE_DIV_CD','A','공지','공지',NULL,1,'Y',TIMESTAMP '2018-10-19 00:00:00.000000');
INSERT INTO TB_CD (CD_GROUP,CD,CD_NM,SIM_NM,CD_DESC,SEQ,USE_YN,CREATE_DT) VALUES ('NOTICE_DIV_CD','B','매니저 공지','매니저 공지',NULL,2,'Y',TIMESTAMP '2018-10-19 00:00:00.000000');
INSERT INTO TB_CD (CD_GROUP,CD,CD_NM,SIM_NM,CD_DESC,SEQ,USE_YN,CREATE_DT) VALUES ('NOTICE_DIV_CD','C','매니저의 상담원 공지','매니저의 상담원 공지',NULL,3,'Y',TIMESTAMP '2018-10-19 00:00:00.000000');
INSERT INTO TB_CD (CD_GROUP,CD,CD_NM,SIM_NM,CD_DESC,SEQ,USE_YN,CREATE_DT) VALUES ('CSTM_OS_DIV_CD','WEB','웹','웹',NULL,1,'Y',TIMESTAMP '2018-10-19 00:00:00.000000');
INSERT INTO TB_CD (CD_GROUP,CD,CD_NM,SIM_NM,CD_DESC,SEQ,USE_YN,CREATE_DT) VALUES ('CSTM_OS_DIV_CD','ANDROID','안드로이드','안드로이드',NULL,2,'Y',TIMESTAMP '2018-10-19 00:00:00.000000');
INSERT INTO TB_CD (CD_GROUP,CD,CD_NM,SIM_NM,CD_DESC,SEQ,USE_YN,CREATE_DT) VALUES ('CSTM_OS_DIV_CD','IPHONE','아이폰','아이폰',NULL,3,'Y',TIMESTAMP '2018-10-19 00:00:00.000000');
INSERT INTO TB_CD (CD_GROUP,CD,CD_NM,SIM_NM,CD_DESC,SEQ,USE_YN,CREATE_DT) VALUES ('MSG_DIV_CD','T','텍스트','텍스트',NULL,1,'Y',TIMESTAMP '2018-10-19 00:00:00.000000');
INSERT INTO TB_CD (CD_GROUP,CD,CD_NM,SIM_NM,CD_DESC,SEQ,USE_YN,CREATE_DT) VALUES ('MSG_DIV_CD','I','이미지','이미지',NULL,2,'Y',TIMESTAMP '2018-10-19 00:00:00.000000');
INSERT INTO TB_CD (CD_GROUP,CD,CD_NM,SIM_NM,CD_DESC,SEQ,USE_YN,CREATE_DT) VALUES ('SEND_DIV_CD','C','상담원','상담원',NULL,1,'Y',TIMESTAMP '2018-10-19 00:00:00.000000');
INSERT INTO TB_CD (CD_GROUP,CD,CD_NM,SIM_NM,CD_DESC,SEQ,USE_YN,CREATE_DT) VALUES ('SEND_DIV_CD','U','고객','고객',NULL,2,'Y',TIMESTAMP '2018-10-19 00:00:00.000000');
INSERT INTO TB_CD (CD_GROUP,CD,CD_NM,SIM_NM,CD_DESC,SEQ,USE_YN,CREATE_DT) VALUES ('CSTM_DIV_CD','CSTM','일반회원','일반회원',NULL,1,'Y',TIMESTAMP '2018-10-19 00:00:00.000000');
INSERT INTO TB_CD (CD_GROUP,CD,CD_NM,SIM_NM,CD_DESC,SEQ,USE_YN,CREATE_DT) VALUES ('CSTM_DIV_CD','MEMBER','내근사원','내근사원',NULL,2,'Y',TIMESTAMP '2018-10-19 00:00:00.000000');
INSERT INTO TB_CD (CD_GROUP,CD,CD_NM,SIM_NM,CD_DESC,SEQ,USE_YN,CREATE_DT) VALUES ('CSTM_DIV_CD','FP','FP','FP',NULL,3,'Y',TIMESTAMP '2018-10-19 00:00:00.000000');
INSERT INTO TB_CD (CD_GROUP,CD,CD_NM,SIM_NM,CD_DESC,SEQ,USE_YN,CREATE_DT) VALUES ('CSTM_DIV_CD','CNSR','상담원','상담원',NULL,4,'Y',TIMESTAMP '2018-10-19 00:00:00.000000');
INSERT INTO TB_CD (CD_GROUP,CD,CD_NM,SIM_NM,CD_DESC,SEQ,USE_YN,CREATE_DT) VALUES ('AUTOCMP_DIV_CD','A','후처리용','내부',NULL,1,'Y',TIMESTAMP '2019-10-02 00:00:00.000000');
INSERT INTO TB_CD (CD_GROUP,CD,CD_NM,SIM_NM,CD_DESC,SEQ,USE_YN,CREATE_DT) VALUES ('AUTOCMP_DIV_CD','C','답변용','고객',NULL,2,'Y',TIMESTAMP '2019-10-02 00:00:00.000000');
INSERT INTO TB_CD (CD_GROUP,CD,CD_NM,SIM_NM,CD_DESC,SEQ,USE_YN,CREATE_DT) VALUES ('SERVICE_ID','CBOTINFR0000','본인인증','본인인증',NULL,23,'Y',TIMESTAMP '2018-11-02 00:00:00.000000');
INSERT INTO TB_CD (CD_GROUP,CD,CD_NM,SIM_NM,CD_DESC,SEQ,USE_YN,CREATE_DT) VALUES ('AUTH_POSITION_CD','C','챗봇','챗봇',NULL,1,'Y',TIMESTAMP '2018-11-02 00:00:00.000000');
INSERT INTO TB_CD (CD_GROUP,CD,CD_NM,SIM_NM,CD_DESC,SEQ,USE_YN,CREATE_DT) VALUES ('AUTH_POSITION_CD','H','홈페이지','홈페이지',NULL,2,'Y',TIMESTAMP '2018-11-02 00:00:00.000000');
INSERT INTO TB_CD (CD_GROUP,CD,CD_NM,SIM_NM,CD_DESC,SEQ,USE_YN,CREATE_DT) VALUES ('AUTH_TYPE_CD','P','핸드폰','핸드폰',NULL,1,'Y',TIMESTAMP '2018-11-02 00:00:00.000000');
INSERT INTO TB_CD (CD_GROUP,CD,CD_NM,SIM_NM,CD_DESC,SEQ,USE_YN,CREATE_DT) VALUES ('AUTH_TYPE_CD','I','PIN','PIN',NULL,2,'Y',TIMESTAMP '2018-11-02 00:00:00.000000');
INSERT INTO TB_CD (CD_GROUP,CD,CD_NM,SIM_NM,CD_DESC,SEQ,USE_YN,CREATE_DT) VALUES ('AUTH_TYPE_CD','A','공인인증','공인인증',NULL,3,'Y',TIMESTAMP '2018-11-02 00:00:00.000000');
INSERT INTO TB_CD (CD_GROUP,CD,CD_NM,SIM_NM,CD_DESC,SEQ,USE_YN,CREATE_DT) VALUES ('SERVICE_ID','CBOTINFR0018','장기보험 계약조회','장기보험 계약조회',NULL,18,'Y',TIMESTAMP '2018-11-02 00:00:00.000000');
INSERT INTO TB_CD (CD_GROUP,CD,CD_NM,SIM_NM,CD_DESC,SEQ,USE_YN,CREATE_DT) VALUES ('SERVICE_ID','CBOTINFR0017','통합계약조회','통합계약조회',NULL,17,'Y',TIMESTAMP '2018-11-02 00:00:00.000000');
INSERT INTO TB_CD (CD_GROUP,CD,CD_NM,SIM_NM,CD_DESC,SEQ,USE_YN,CREATE_DT) VALUES ('SERVICE_ID','CBOTINFR0016','수금방법변경반영','수금방법변경반영',NULL,16,'Y',TIMESTAMP '2018-11-02 00:00:00.000000');
INSERT INTO TB_CD (CD_GROUP,CD,CD_NM,SIM_NM,CD_DESC,SEQ,USE_YN,CREATE_DT) VALUES ('SERVICE_ID','CBOTINFR0015','휴대폰 인증확인','휴대폰 인증확인',NULL,15,'Y',TIMESTAMP '2018-11-02 00:00:00.000000');
INSERT INTO TB_CD (CD_GROUP,CD,CD_NM,SIM_NM,CD_DESC,SEQ,USE_YN,CREATE_DT) VALUES ('SERVICE_ID','CBOTINFR0014','휴대폰 인증번호 발송','휴대폰 인증번호 발송',NULL,14,'Y',TIMESTAMP '2018-11-02 00:00:00.000000');
INSERT INTO TB_CD (CD_GROUP,CD,CD_NM,SIM_NM,CD_DESC,SEQ,USE_YN,CREATE_DT) VALUES ('SERVICE_ID','CBOTINFR0013','고객 실명인증','고객 실명인증',NULL,13,'Y',TIMESTAMP '2018-11-02 00:00:00.000000');
INSERT INTO TB_CD (CD_GROUP,CD,CD_NM,SIM_NM,CD_DESC,SEQ,USE_YN,CREATE_DT) VALUES ('SERVICE_ID','CBOTINFR0012','취급자 정보조회','취급자 정보조회',NULL,12,'Y',TIMESTAMP '2018-11-02 00:00:00.000000');
INSERT INTO TB_CD (CD_GROUP,CD,CD_NM,SIM_NM,CD_DESC,SEQ,USE_YN,CREATE_DT) VALUES ('SERVICE_ID','CBOTINFR0011','가상계좌 발급 내역조회','가상계좌 발급 내역조회',NULL,11,'Y',TIMESTAMP '2018-11-02 00:00:00.000000');
INSERT INTO TB_CD (CD_GROUP,CD,CD_NM,SIM_NM,CD_DESC,SEQ,USE_YN,CREATE_DT) VALUES ('SERVICE_ID','CBOTINFR0010','가상계좌발급','가상계좌발급',NULL,10,'Y',TIMESTAMP '2018-11-02 00:00:00.000000');
INSERT INTO TB_CD (CD_GROUP,CD,CD_NM,SIM_NM,CD_DESC,SEQ,USE_YN,CREATE_DT) VALUES ('SERVICE_ID','CBOTINFR0009','수금방법변경반영','수금방법변경반영',NULL,9,'Y',TIMESTAMP '2018-11-02 00:00:00.000000');
INSERT INTO TB_CD (CD_GROUP,CD,CD_NM,SIM_NM,CD_DESC,SEQ,USE_YN,CREATE_DT) VALUES ('SERVICE_ID','CBOTINFR0007','예금주명 조회','예금주명 조회',NULL,7,'Y',TIMESTAMP '2018-11-02 00:00:00.000000');
INSERT INTO TB_CD (CD_GROUP,CD,CD_NM,SIM_NM,CD_DESC,SEQ,USE_YN,CREATE_DT) VALUES ('SERVICE_ID','CBOTINFR0005','보상 종결 모니터링','보상 종결 모니터링',NULL,5,'Y',TIMESTAMP '2018-11-02 00:00:00.000000');
INSERT INTO TB_CD (CD_GROUP,CD,CD_NM,SIM_NM,CD_DESC,SEQ,USE_YN,CREATE_DT) VALUES ('SERVICE_ID','CBOTINFR0004','보상 종결 모니터링','보상 종결 모니터링',NULL,4,'Y',TIMESTAMP '2018-11-02 00:00:00.000000');
INSERT INTO TB_CD (CD_GROUP,CD,CD_NM,SIM_NM,CD_DESC,SEQ,USE_YN,CREATE_DT) VALUES ('SERVICE_ID','CBOTINFR0003','대출 한도액 산출 서비스','대출 한도액 산출 서비스',NULL,3,'Y',TIMESTAMP '2018-11-02 00:00:00.000000');
INSERT INTO TB_CD (CD_GROUP,CD,CD_NM,SIM_NM,CD_DESC,SEQ,USE_YN,CREATE_DT) VALUES ('SERVICE_ID','CBOTINFR0002','약관대출연체 유무 조회','약관대출연체 유무 조회',NULL,2,'Y',TIMESTAMP '2018-11-02 00:00:00.000000');
INSERT INTO TB_CD (CD_GROUP,CD,CD_NM,SIM_NM,CD_DESC,SEQ,USE_YN,CREATE_DT) VALUES ('SERVICE_ID','CBOTINFR0001','당사자키값조회','당사자키값조회',NULL,1,'Y',TIMESTAMP '2018-11-02 00:00:00.000000');
INSERT INTO TB_CD (CD_GROUP,CD,CD_NM,SIM_NM,CD_DESC,SEQ,USE_YN,CREATE_DT) VALUES ('RESCD','0000','성공','성공',NULL,1,'Y',TIMESTAMP '2018-11-02 00:00:00.000000');
INSERT INTO TB_CD (CD_GROUP,CD,CD_NM,SIM_NM,CD_DESC,SEQ,USE_YN,CREATE_DT) VALUES ('RESCD','9999','실패','실패',NULL,2,'Y',TIMESTAMP '2018-11-02 00:00:00.000000');
INSERT INTO TB_CD (CD_GROUP,CD,CD_NM,SIM_NM,CD_DESC,SEQ,USE_YN,CREATE_DT) VALUES ('SERVICE_ID','CBOTINFR0019','보상담당자조회','보상담당자조회',NULL,19,'Y',TIMESTAMP '2018-11-02 00:00:00.000000');
INSERT INTO TB_CD (CD_GROUP,CD,CD_NM,SIM_NM,CD_DESC,SEQ,USE_YN,CREATE_DT) VALUES ('SERVICE_ID','CBOTINFR0020','보상담당자조회','보상담당자조회',NULL,20,'Y',TIMESTAMP '2018-11-02 00:00:00.000000');
INSERT INTO TB_CD (CD_GROUP,CD,CD_NM,SIM_NM,CD_DESC,SEQ,USE_YN,CREATE_DT) VALUES ('SERVICE_ID','CBOTINFR0021','영수증조회','영수증조회',NULL,21,'Y',TIMESTAMP '2018-11-02 00:00:00.000000');
INSERT INTO TB_CD (CD_GROUP,CD,CD_NM,SIM_NM,CD_DESC,SEQ,USE_YN,CREATE_DT) VALUES ('SERVICE_ID','CBOTINFR0022','장기 해지금조회','장기 해지금조회',NULL,22,'Y',TIMESTAMP '2018-11-02 00:00:00.000000');
INSERT INTO TB_CD (CD_GROUP,CD,CD_NM,SIM_NM,CD_DESC,SEQ,USE_YN,CREATE_DT) VALUES ('AUTH_POSITION_CD','T','채팅','채팅',NULL,3,'Y',TIMESTAMP '2018-11-02 00:00:00.000000');

INSERT INTO TB_CD_GROUP (CD_GROUP,CD_GROUP_NM,CD_GROUP_DESC,USE_YN,CREATE_DT) VALUES ('AUTO_CMP_CUS','자동완성 고객구분코드',NULL,'Y',TIMESTAMP '2018-10-19 00:00:00.000000');
INSERT INTO TB_CD_GROUP (CD_GROUP,CD_GROUP_NM,CD_GROUP_DESC,USE_YN,CREATE_DT) VALUES ('DEPART_CD','부서코드',NULL,'Y',TIMESTAMP '2018-10-19 00:00:00.000000');
INSERT INTO TB_CD_GROUP (CD_GROUP,CD_GROUP_NM,CD_GROUP_DESC,USE_YN,CREATE_DT) VALUES ('MEMBER_DIV_CD','회원 구분 코드',NULL,'Y',TIMESTAMP '2018-10-19 00:00:00.000000');
INSERT INTO TB_CD_GROUP (CD_GROUP,CD_GROUP_NM,CD_GROUP_DESC,USE_YN,CREATE_DT) VALUES ('WORK_STATUS_CD','근무 상태 코드',NULL,'Y',TIMESTAMP '2018-10-19 00:00:00.000000');
INSERT INTO TB_CD_GROUP (CD_GROUP,CD_GROUP_NM,CD_GROUP_DESC,USE_YN,CREATE_DT) VALUES ('CNSR_DIV_CD','상담원 구분 코드',NULL,'Y',TIMESTAMP '2018-10-19 00:00:00.000000');
INSERT INTO TB_CD_GROUP (CD_GROUP,CD_GROUP_NM,CD_GROUP_DESC,USE_YN,CREATE_DT) VALUES ('CSTM_LINK_DIV_CD','고객 접속 구분 코드',NULL,'Y',TIMESTAMP '2018-10-19 00:00:00.000000');
INSERT INTO TB_CD_GROUP (CD_GROUP,CD_GROUP_NM,CD_GROUP_DESC,USE_YN,CREATE_DT) VALUES ('CHAT_ROOM_STATUS_CD','채팅 룸 상태 코드',NULL,'Y',TIMESTAMP '2018-10-19 00:00:00.000000');
INSERT INTO TB_CD_GROUP (CD_GROUP,CD_GROUP_NM,CD_GROUP_DESC,USE_YN,CREATE_DT) VALUES ('END_DIV_CD','종료 구분 코드',NULL,'Y',TIMESTAMP '2018-10-19 00:00:00.000000');
INSERT INTO TB_CD_GROUP (CD_GROUP,CD_GROUP_NM,CD_GROUP_DESC,USE_YN,CREATE_DT) VALUES ('SENDER_DIV_CD','전송 구분 코드',NULL,'Y',TIMESTAMP '2018-10-19 00:00:00.000000');
INSERT INTO TB_CD_GROUP (CD_GROUP,CD_GROUP_NM,CD_GROUP_DESC,USE_YN,CREATE_DT) VALUES ('CONT_DIV_CD','내용 구분 코드',NULL,'Y',TIMESTAMP '2018-10-19 00:00:00.000000');
INSERT INTO TB_CD_GROUP (CD_GROUP,CD_GROUP_NM,CD_GROUP_DESC,USE_YN,CREATE_DT) VALUES ('MSG_STATUS_CD','메시지 상태 코드',NULL,'Y',TIMESTAMP '2018-10-19 00:00:00.000000');
INSERT INTO TB_CD_GROUP (CD_GROUP,CD_GROUP_NM,CD_GROUP_DESC,USE_YN,CREATE_DT) VALUES ('TPL_DIV_CD','템플릿 구분 코드',NULL,'Y',TIMESTAMP '2018-10-19 00:00:00.000000');
INSERT INTO TB_CD_GROUP (CD_GROUP,CD_GROUP_NM,CD_GROUP_DESC,USE_YN,CREATE_DT) VALUES ('TPL_MSG_DIV_CD','템플릿 메시지 구분 코드',NULL,'Y',TIMESTAMP '2018-10-19 00:00:00.000000');
INSERT INTO TB_CD_GROUP (CD_GROUP,CD_GROUP_NM,CD_GROUP_DESC,USE_YN,CREATE_DT) VALUES ('CHNG_DIV_CD','변경 구분 코드',NULL,'Y',TIMESTAMP '2018-10-19 00:00:00.000000');
INSERT INTO TB_CD_GROUP (CD_GROUP,CD_GROUP_NM,CD_GROUP_DESC,USE_YN,CREATE_DT) VALUES ('AVATAR_DIV_CD','아바타 구분 코드',NULL,'Y',TIMESTAMP '2018-10-19 00:00:00.000000');
INSERT INTO TB_CD_GROUP (CD_GROUP,CD_GROUP_NM,CD_GROUP_DESC,USE_YN,CREATE_DT) VALUES ('LOG_DIV_CD','로그 구분 코드',NULL,'Y',TIMESTAMP '2018-10-19 00:00:00.000000');
INSERT INTO TB_CD_GROUP (CD_GROUP,CD_GROUP_NM,CD_GROUP_DESC,USE_YN,CREATE_DT) VALUES ('NOTICE_DIV_CD','공지 구분 코드',NULL,'Y',TIMESTAMP '2018-10-19 00:00:00.000000');
INSERT INTO TB_CD_GROUP (CD_GROUP,CD_GROUP_NM,CD_GROUP_DESC,USE_YN,CREATE_DT) VALUES ('CSTM_OS_DIV_CD','고객 OS 구분 코드',NULL,'Y',TIMESTAMP '2018-10-19 00:00:00.000000');
INSERT INTO TB_CD_GROUP (CD_GROUP,CD_GROUP_NM,CD_GROUP_DESC,USE_YN,CREATE_DT) VALUES ('MSG_DIV_CD','메시지 구분 코드',NULL,'Y',TIMESTAMP '2018-10-19 00:00:00.000000');
INSERT INTO TB_CD_GROUP (CD_GROUP,CD_GROUP_NM,CD_GROUP_DESC,USE_YN,CREATE_DT) VALUES ('SEND_DIV_CD','전송 구분 코드',NULL,'Y',TIMESTAMP '2018-10-19 00:00:00.000000');
INSERT INTO TB_CD_GROUP (CD_GROUP,CD_GROUP_NM,CD_GROUP_DESC,USE_YN,CREATE_DT) VALUES ('CSTM_DIV_CD','고객 구분 코드',NULL,'Y',TIMESTAMP '2018-10-19 00:00:00.000000');
INSERT INTO TB_CD_GROUP (CD_GROUP,CD_GROUP_NM,CD_GROUP_DESC,USE_YN,CREATE_DT) VALUES ('AUTOCMP_DIV_CD','자동완성 구분 코드',NULL,'Y',TIMESTAMP '2019-10-02 00:00:00.000000');
INSERT INTO TB_CD_GROUP (CD_GROUP,CD_GROUP_NM,CD_GROUP_DESC,USE_YN,CREATE_DT) VALUES ('AUTH_POSITION_CD','인증방식 코드',NULL,'Y',TIMESTAMP '2019-11-02 00:00:00.000000');
INSERT INTO TB_CD_GROUP (CD_GROUP,CD_GROUP_NM,CD_GROUP_DESC,USE_YN,CREATE_DT) VALUES ('AUTH_TYPE_CD','인증방식 코드',NULL,'Y',TIMESTAMP '2019-11-02 00:00:00.000000');
INSERT INTO TB_CD_GROUP (CD_GROUP,CD_GROUP_NM,CD_GROUP_DESC,USE_YN,CREATE_DT) VALUES ('SERVICE_ID','기관계 서비스 아이디',NULL,'Y',TIMESTAMP '2019-11-02 00:00:00.000000');
INSERT INTO TB_CD_GROUP (CD_GROUP,CD_GROUP_NM,CD_GROUP_DESC,USE_YN,CREATE_DT) VALUES ('RESCD','결과코드',NULL,'Y',TIMESTAMP '2019-11-02 00:00:00.000000');

INSERT INTO TB_CHAT_PASS_TIME (MARK_NUM,PASS_TIME,PASS_TIME_NM,IMG_CLASS_NAME,ORDER_SEQ,USE_YN,CREATE_DT,CREATER) VALUES ('1',60,'1시간','1',1,'Y',NULL,NULL);
INSERT INTO TB_CHAT_PASS_TIME (MARK_NUM,PASS_TIME,PASS_TIME_NM,IMG_CLASS_NAME,ORDER_SEQ,USE_YN,CREATE_DT,CREATER) VALUES ('2',120,'2시간','2',2,'Y',NULL,NULL);
INSERT INTO TB_CHAT_PASS_TIME (MARK_NUM,PASS_TIME,PASS_TIME_NM,IMG_CLASS_NAME,ORDER_SEQ,USE_YN,CREATE_DT,CREATER) VALUES ('3',180,'3시간','3',3,'Y',NULL,NULL);
INSERT INTO TB_CHAT_PASS_TIME (MARK_NUM,PASS_TIME,PASS_TIME_NM,IMG_CLASS_NAME,ORDER_SEQ,USE_YN,CREATE_DT,CREATER) VALUES ('4',240,'4시간','4',4,'Y',NULL,NULL);
INSERT INTO TB_CHAT_PASS_TIME (MARK_NUM,PASS_TIME,PASS_TIME_NM,IMG_CLASS_NAME,ORDER_SEQ,USE_YN,CREATE_DT,CREATER) VALUES ('5',300,'5시간','5',5,'Y',NULL,NULL);

INSERT INTO TB_CHAT_SKIN (SKIN_NUM,SKIN_NM,SKIN_CSS_URL,DEL_YN,CREATE_DT,CREATER,UPDATE_DT,UPDATER) VALUES ('1','기본스킨','/css/include.css','N',NULL,NULL,NULL,NULL);
INSERT INTO TB_CSTM_GRADE (GRADE_NUM,GRADE_NM,GRADE_DESC,IMG_CLASS_NAME,DEL_YN,CREATE_DT,CREATER,UPDATE_DT,UPDATER) VALUES ('1','elephant','코끼리','icon_elephant','N',NULL,NULL,NULL,NULL);

INSERT INTO TB_CTG_INFO (CTG_NUM,UPPER_CTG_NUM,CTG_NM,CTG_DPT,DFT_CTG_YN,DEL_YN,CREATE_DT,CREATER,UPDATE_DT,UPDATER,CSTM_YN,DEPART_CD,USE_YN) VALUES ('181','0','6. 보험상품 상담',1,'N','N',TIMESTAMP '2019-10-29 18:50:53.000000','1000000001',TIMESTAMP '2020-01-02 17:08:07.000000','1999999991',NULL,'TM','Y');
INSERT INTO TB_CTG_INFO (CTG_NUM,UPPER_CTG_NUM,CTG_NM,CTG_DPT,DFT_CTG_YN,DEL_YN,CREATE_DT,CREATER,UPDATE_DT,UPDATER,CSTM_YN,DEPART_CD,USE_YN) VALUES ('182','181','중분류1중분류1중분류1중분',2,'N','N',TIMESTAMP '2019-10-29 18:51:35.000000','1000000001',TIMESTAMP '2019-12-11 14:41:24.000000','1999999991',NULL,'TM','Y');
INSERT INTO TB_CTG_INFO (CTG_NUM,UPPER_CTG_NUM,CTG_NM,CTG_DPT,DFT_CTG_YN,DEL_YN,CREATE_DT,CREATER,UPDATE_DT,UPDATER,CSTM_YN,DEPART_CD,USE_YN) VALUES ('183','181','TM 중분류2',2,'N','N',TIMESTAMP '2019-10-29 18:51:44.000000','1000000001',TIMESTAMP '2019-10-29 18:51:44.000000','1000000001',NULL,'TM','Y');
INSERT INTO TB_CTG_INFO (CTG_NUM,UPPER_CTG_NUM,CTG_NM,CTG_DPT,DFT_CTG_YN,DEL_YN,CREATE_DT,CREATER,UPDATE_DT,UPDATER,CSTM_YN,DEPART_CD,USE_YN) VALUES ('184','182','TM 소분류11TM 소분류11TM 소분류11TM 소',3,'N','N',TIMESTAMP '2019-10-29 18:51:55.000000','1000000001',TIMESTAMP '2019-12-11 14:41:37.000000','1999999991',NULL,'TM','Y');
INSERT INTO TB_CTG_INFO (CTG_NUM,UPPER_CTG_NUM,CTG_NM,CTG_DPT,DFT_CTG_YN,DEL_YN,CREATE_DT,CREATER,UPDATE_DT,UPDATER,CSTM_YN,DEPART_CD,USE_YN) VALUES ('185','182','TM 소분류12',3,'N','N',TIMESTAMP '2019-10-29 18:52:02.000000','1000000001',TIMESTAMP '2019-10-29 18:52:02.000000','1000000001',NULL,'TM','Y');
INSERT INTO TB_CTG_INFO (CTG_NUM,UPPER_CTG_NUM,CTG_NM,CTG_DPT,DFT_CTG_YN,DEL_YN,CREATE_DT,CREATER,UPDATE_DT,UPDATER,CSTM_YN,DEPART_CD,USE_YN) VALUES ('187','183','TM 소분류21',3,'N','N',TIMESTAMP '2019-10-29 18:52:14.000000','1000000001',TIMESTAMP '2019-10-29 18:52:14.000000','1000000001',NULL,'TM','Y');
INSERT INTO TB_CTG_INFO (CTG_NUM,UPPER_CTG_NUM,CTG_NM,CTG_DPT,DFT_CTG_YN,DEL_YN,CREATE_DT,CREATER,UPDATE_DT,UPDATER,CSTM_YN,DEPART_CD,USE_YN) VALUES ('188','183','TM 소분류22',3,'N','N',TIMESTAMP '2019-10-29 18:52:18.000000','1000000001',TIMESTAMP '2019-10-29 18:52:18.000000','1000000001',NULL,'TM','Y');
INSERT INTO TB_CTG_INFO (CTG_NUM,UPPER_CTG_NUM,CTG_NM,CTG_DPT,DFT_CTG_YN,DEL_YN,CREATE_DT,CREATER,UPDATE_DT,UPDATER,CSTM_YN,DEPART_CD,USE_YN) VALUES ('189','183','TM 소분류23',3,'N','N',TIMESTAMP '2019-10-29 18:52:20.000000','1000000001',TIMESTAMP '2019-10-29 18:52:20.000000','1000000001',NULL,'TM','Y');
INSERT INTO TB_CTG_INFO (CTG_NUM,UPPER_CTG_NUM,CTG_NM,CTG_DPT,DFT_CTG_YN,DEL_YN,CREATE_DT,CREATER,UPDATE_DT,UPDATER,CSTM_YN,DEPART_CD,USE_YN) VALUES ('190','183','TM 소분류24',3,'N','N',TIMESTAMP '2019-10-29 18:52:24.000000','1000000001',TIMESTAMP '2019-10-29 18:52:24.000000','1000000001',NULL,'TM','Y');
INSERT INTO TB_CTG_INFO (CTG_NUM,UPPER_CTG_NUM,CTG_NM,CTG_DPT,DFT_CTG_YN,DEL_YN,CREATE_DT,CREATER,UPDATE_DT,UPDATER,CSTM_YN,DEPART_CD,USE_YN) VALUES ('282','0','cs장기',1,'N','Y',TIMESTAMP '2019-11-22 10:27:53.000000','1000000002',TIMESTAMP '2019-11-22 10:28:20.000000','1000000002',NULL,'CS','Y');
INSERT INTO TB_CTG_INFO (CTG_NUM,UPPER_CTG_NUM,CTG_NM,CTG_DPT,DFT_CTG_YN,DEL_YN,CREATE_DT,CREATER,UPDATE_DT,UPDATER,CSTM_YN,DEPART_CD,USE_YN) VALUES ('281','0','자동차',1,'N','Y',TIMESTAMP '2019-11-22 10:27:09.000000','1000000002',TIMESTAMP '2019-11-22 10:27:17.000000','1000000002',NULL,'CS','Y');
INSERT INTO TB_CTG_INFO (CTG_NUM,UPPER_CTG_NUM,CTG_NM,CTG_DPT,DFT_CTG_YN,DEL_YN,CREATE_DT,CREATER,UPDATE_DT,UPDATER,CSTM_YN,DEPART_CD,USE_YN) VALUES ('283','0','cs',1,'N','Y',TIMESTAMP '2019-11-22 10:28:42.000000','1000000002',TIMESTAMP '2019-11-22 10:29:54.000000','1000000002',NULL,'CS','Y');
INSERT INTO TB_CTG_INFO (CTG_NUM,UPPER_CTG_NUM,CTG_NM,CTG_DPT,DFT_CTG_YN,DEL_YN,CREATE_DT,CREATER,UPDATE_DT,UPDATER,CSTM_YN,DEPART_CD,USE_YN) VALUES ('284','283','cs자동차',2,'N','Y',TIMESTAMP '2019-11-22 10:28:47.000000','1000000002',TIMESTAMP '2019-11-22 10:29:18.000000','1000000002',NULL,'CS','Y');
INSERT INTO TB_CTG_INFO (CTG_NUM,UPPER_CTG_NUM,CTG_NM,CTG_DPT,DFT_CTG_YN,DEL_YN,CREATE_DT,CREATER,UPDATE_DT,UPDATER,CSTM_YN,DEPART_CD,USE_YN) VALUES ('285','283','cs자동차',2,'N','Y',TIMESTAMP '2019-11-22 10:29:15.000000','1000000002',TIMESTAMP '2019-11-22 10:29:52.000000','1000000002',NULL,'CS','Y');
INSERT INTO TB_CTG_INFO (CTG_NUM,UPPER_CTG_NUM,CTG_NM,CTG_DPT,DFT_CTG_YN,DEL_YN,CREATE_DT,CREATER,UPDATE_DT,UPDATER,CSTM_YN,DEPART_CD,USE_YN) VALUES ('288','287','해지',3,'N','N',TIMESTAMP '2019-11-22 11:54:34.000000','1000000002',TIMESTAMP '2019-11-22 11:54:34.000000','1000000002',NULL,'CS','Y');
INSERT INTO TB_CTG_INFO (CTG_NUM,UPPER_CTG_NUM,CTG_NM,CTG_DPT,DFT_CTG_YN,DEL_YN,CREATE_DT,CREATER,UPDATE_DT,UPDATER,CSTM_YN,DEPART_CD,USE_YN) VALUES ('311','0','1234',1,'N','Y',TIMESTAMP '2019-11-26 16:10:28.000000','1000000002',TIMESTAMP '2019-11-26 16:13:27.000000','1000000002',NULL,'CS','N');
INSERT INTO TB_CTG_INFO (CTG_NUM,UPPER_CTG_NUM,CTG_NM,CTG_DPT,DFT_CTG_YN,DEL_YN,CREATE_DT,CREATER,UPDATE_DT,UPDATER,CSTM_YN,DEPART_CD,USE_YN) VALUES ('333','330','테스트 ㅁ5',2,'N','Y',TIMESTAMP '2019-11-28 14:10:04.000000','1000000002',TIMESTAMP '2019-11-28 14:10:06.000000','1000000002',NULL,'CS','Y');
INSERT INTO TB_CTG_INFO (CTG_NUM,UPPER_CTG_NUM,CTG_NM,CTG_DPT,DFT_CTG_YN,DEL_YN,CREATE_DT,CREATER,UPDATE_DT,UPDATER,CSTM_YN,DEPART_CD,USE_YN) VALUES ('334','332','테스트 ㅁ66',3,'N','Y',TIMESTAMP '2019-11-28 14:10:23.000000','1000000002',TIMESTAMP '2019-11-28 14:10:56.000000','1000000002',NULL,'CS','Y');
INSERT INTO TB_CTG_INFO (CTG_NUM,UPPER_CTG_NUM,CTG_NM,CTG_DPT,DFT_CTG_YN,DEL_YN,CREATE_DT,CREATER,UPDATE_DT,UPDATER,CSTM_YN,DEPART_CD,USE_YN) VALUES ('335','332','테스트 ㅁ66',3,'N','Y',TIMESTAMP '2019-11-28 14:10:54.000000','1000000002',TIMESTAMP '2019-11-28 14:11:04.000000','1000000002',NULL,'CS','Y');
INSERT INTO TB_CTG_INFO (CTG_NUM,UPPER_CTG_NUM,CTG_NM,CTG_DPT,DFT_CTG_YN,DEL_YN,CREATE_DT,CREATER,UPDATE_DT,UPDATER,CSTM_YN,DEPART_CD,USE_YN) VALUES ('336','332','테스트 ㅁ66',3,'N','Y',TIMESTAMP '2019-11-28 14:11:02.000000','1000000002',TIMESTAMP '2019-11-28 14:11:05.000000','1000000002',NULL,'CS','Y');
INSERT INTO TB_CTG_INFO (CTG_NUM,UPPER_CTG_NUM,CTG_NM,CTG_DPT,DFT_CTG_YN,DEL_YN,CREATE_DT,CREATER,UPDATE_DT,UPDATER,CSTM_YN,DEPART_CD,USE_YN) VALUES ('338','0','00011343',1,'N','Y',TIMESTAMP '2019-11-28 14:11:32.000000','1000000002',TIMESTAMP '2019-11-28 14:13:03.000000','1000000002',NULL,'CS','Y');
INSERT INTO TB_CTG_INFO (CTG_NUM,UPPER_CTG_NUM,CTG_NM,CTG_DPT,DFT_CTG_YN,DEL_YN,CREATE_DT,CREATER,UPDATE_DT,UPDATER,CSTM_YN,DEPART_CD,USE_YN) VALUES ('339','338','00011343',2,'N','Y',TIMESTAMP '2019-11-28 14:11:51.000000','1000000002',TIMESTAMP '2019-11-28 14:12:57.000000','1000000002',NULL,'CS','Y');
INSERT INTO TB_CTG_INFO (CTG_NUM,UPPER_CTG_NUM,CTG_NM,CTG_DPT,DFT_CTG_YN,DEL_YN,CREATE_DT,CREATER,UPDATE_DT,UPDATER,CSTM_YN,DEPART_CD,USE_YN) VALUES ('465','0','1234',1,'N','Y',TIMESTAMP '2019-12-02 12:21:58.000000','9000000002',TIMESTAMP '2019-12-02 12:22:19.000000','9000000002',NULL,'CS','Y');
INSERT INTO TB_CTG_INFO (CTG_NUM,UPPER_CTG_NUM,CTG_NM,CTG_DPT,DFT_CTG_YN,DEL_YN,CREATE_DT,CREATER,UPDATE_DT,UPDATER,CSTM_YN,DEPART_CD,USE_YN) VALUES ('563','0','2. 대출',1,'N','Y',TIMESTAMP '2019-12-13 16:03:07.000000','1999999991',TIMESTAMP '2019-12-13 16:03:18.000000','1999999991',NULL,'CS','Y');
INSERT INTO TB_CTG_INFO (CTG_NUM,UPPER_CTG_NUM,CTG_NM,CTG_DPT,DFT_CTG_YN,DEL_YN,CREATE_DT,CREATER,UPDATE_DT,UPDATER,CSTM_YN,DEPART_CD,USE_YN) VALUES ('564','0','테스트',1,'N','Y',TIMESTAMP '2019-12-13 16:03:25.000000','1999999991',TIMESTAMP '2019-12-13 16:05:31.000000','1999999991',NULL,'CS','Y');
INSERT INTO TB_CTG_INFO (CTG_NUM,UPPER_CTG_NUM,CTG_NM,CTG_DPT,DFT_CTG_YN,DEL_YN,CREATE_DT,CREATER,UPDATE_DT,UPDATER,CSTM_YN,DEPART_CD,USE_YN) VALUES ('621','396','3.연금/배당금신청',3,'N','N',TIMESTAMP '2019-12-19 13:35:50.000000','1999999991',TIMESTAMP '2019-12-19 13:35:50.000000','1999999991',NULL,'CS','N');
INSERT INTO TB_CTG_INFO (CTG_NUM,UPPER_CTG_NUM,CTG_NM,CTG_DPT,DFT_CTG_YN,DEL_YN,CREATE_DT,CREATER,UPDATE_DT,UPDATER,CSTM_YN,DEPART_CD,USE_YN) VALUES ('201','0','공통',1,'N','Y',TIMESTAMP '2019-11-14 17:20:29.000000','1000000001',TIMESTAMP '2019-12-09 16:31:42.000000','1999999991',NULL,'TM','Y');
INSERT INTO TB_CTG_INFO (CTG_NUM,UPPER_CTG_NUM,CTG_NM,CTG_DPT,DFT_CTG_YN,DEL_YN,CREATE_DT,CREATER,UPDATE_DT,UPDATER,CSTM_YN,DEPART_CD,USE_YN) VALUES ('202','201','내공통2',2,'N','N',TIMESTAMP '2019-11-14 17:20:37.000000','1000000001',TIMESTAMP '2019-11-14 17:22:21.000000','1000000001',NULL,'CS','Y');
INSERT INTO TB_CTG_INFO (CTG_NUM,UPPER_CTG_NUM,CTG_NM,CTG_DPT,DFT_CTG_YN,DEL_YN,CREATE_DT,CREATER,UPDATE_DT,UPDATER,CSTM_YN,DEPART_CD,USE_YN) VALUES ('203','0','공통2',1,'N','Y',TIMESTAMP '2019-11-14 17:21:27.000000','1000000001',TIMESTAMP '2019-11-14 17:21:29.000000','1000000001',NULL,'TM','Y');
INSERT INTO TB_CTG_INFO (CTG_NUM,UPPER_CTG_NUM,CTG_NM,CTG_DPT,DFT_CTG_YN,DEL_YN,CREATE_DT,CREATER,UPDATE_DT,UPDATER,CSTM_YN,DEPART_CD,USE_YN) VALUES ('204','0','123123',1,'N','Y',TIMESTAMP '2019-11-14 17:21:33.000000','1000000001',TIMESTAMP '2019-11-14 17:21:36.000000','1000000001',NULL,'TM','Y');
INSERT INTO TB_CTG_INFO (CTG_NUM,UPPER_CTG_NUM,CTG_NM,CTG_DPT,DFT_CTG_YN,DEL_YN,CREATE_DT,CREATER,UPDATE_DT,UPDATER,CSTM_YN,DEPART_CD,USE_YN) VALUES ('205','201','ㅂㅈㄷㄱ',2,'N','Y',TIMESTAMP '2019-11-14 17:22:43.000000','1000000001',TIMESTAMP '2019-11-14 17:23:22.000000','1000000001',NULL,'CS','Y');
INSERT INTO TB_CTG_INFO (CTG_NUM,UPPER_CTG_NUM,CTG_NM,CTG_DPT,DFT_CTG_YN,DEL_YN,CREATE_DT,CREATER,UPDATE_DT,UPDATER,CSTM_YN,DEPART_CD,USE_YN) VALUES ('206','205','ㅋㅋㅋㅋ',3,'N','N',TIMESTAMP '2019-11-14 17:22:48.000000','1000000001',TIMESTAMP '2019-11-14 17:22:48.000000','1000000001',NULL,'CS','Y');
INSERT INTO TB_CTG_INFO (CTG_NUM,UPPER_CTG_NUM,CTG_NM,CTG_DPT,DFT_CTG_YN,DEL_YN,CREATE_DT,CREATER,UPDATE_DT,UPDATER,CSTM_YN,DEPART_CD,USE_YN) VALUES ('207','0','공통232231',1,'N','Y',TIMESTAMP '2019-11-14 17:23:04.000000','1000000001',TIMESTAMP '2019-11-14 17:23:16.000000','1000000001',NULL,'TM','Y');
INSERT INTO TB_CTG_INFO (CTG_NUM,UPPER_CTG_NUM,CTG_NM,CTG_DPT,DFT_CTG_YN,DEL_YN,CREATE_DT,CREATER,UPDATE_DT,UPDATER,CSTM_YN,DEPART_CD,USE_YN) VALUES ('208','207','ㄴㅇㅁㄹㄴㅇㅁㄹ',2,'N','Y',TIMESTAMP '2019-11-14 17:23:09.000000','1000000001',TIMESTAMP '2019-11-14 17:23:12.000000','1000000001',NULL,'TM','Y');
INSERT INTO TB_CTG_INFO (CTG_NUM,UPPER_CTG_NUM,CTG_NM,CTG_DPT,DFT_CTG_YN,DEL_YN,CREATE_DT,CREATER,UPDATE_DT,UPDATER,CSTM_YN,DEPART_CD,USE_YN) VALUES ('209','201','ㄴㅇㅁㄹㄴㅁㅇㄹ',2,'N','Y',TIMESTAMP '2019-11-14 17:23:20.000000','1000000001',TIMESTAMP '2019-11-14 17:23:24.000000','1000000001',NULL,'TM','Y');
INSERT INTO TB_CTG_INFO (CTG_NUM,UPPER_CTG_NUM,CTG_NM,CTG_DPT,DFT_CTG_YN,DEL_YN,CREATE_DT,CREATER,UPDATE_DT,UPDATER,CSTM_YN,DEPART_CD,USE_YN) VALUES ('290','0','CS',1,'N','Y',TIMESTAMP '2019-11-22 13:59:50.000000','1000000002',TIMESTAMP '2019-11-22 14:00:24.000000','1000000002',NULL,'CS','Y');
INSERT INTO TB_CTG_INFO (CTG_NUM,UPPER_CTG_NUM,CTG_NM,CTG_DPT,DFT_CTG_YN,DEL_YN,CREATE_DT,CREATER,UPDATE_DT,UPDATER,CSTM_YN,DEPART_CD,USE_YN) VALUES ('291','0','대분류cs',1,'N','Y',TIMESTAMP '2019-11-22 14:01:21.000000','1000000002',TIMESTAMP '2019-11-29 18:34:16.000000','9000000002',NULL,'CS','Y');
INSERT INTO TB_CTG_INFO (CTG_NUM,UPPER_CTG_NUM,CTG_NM,CTG_DPT,DFT_CTG_YN,DEL_YN,CREATE_DT,CREATER,UPDATE_DT,UPDATER,CSTM_YN,DEPART_CD,USE_YN) VALUES ('305','303','테스트소3',3,'N','N',TIMESTAMP '2019-11-26 09:41:10.000000','1000000002',TIMESTAMP '2019-11-26 09:41:14.000000','1000000002',NULL,'CS','Y');
INSERT INTO TB_CTG_INFO (CTG_NUM,UPPER_CTG_NUM,CTG_NM,CTG_DPT,DFT_CTG_YN,DEL_YN,CREATE_DT,CREATER,UPDATE_DT,UPDATER,CSTM_YN,DEPART_CD,USE_YN) VALUES ('306','303','테스트4',3,'N','Y',TIMESTAMP '2019-11-26 09:41:30.000000','1000000002',TIMESTAMP '2019-11-26 09:41:32.000000','1000000002',NULL,'CS','Y');
INSERT INTO TB_CTG_INFO (CTG_NUM,UPPER_CTG_NUM,CTG_NM,CTG_DPT,DFT_CTG_YN,DEL_YN,CREATE_DT,CREATER,UPDATE_DT,UPDATER,CSTM_YN,DEPART_CD,USE_YN) VALUES ('310','0','CS',1,'N','Y',TIMESTAMP '2019-11-26 16:10:21.000000','1000000002',TIMESTAMP '2019-11-26 16:13:20.000000','1000000002',NULL,'CS','Y');
INSERT INTO TB_CTG_INFO (CTG_NUM,UPPER_CTG_NUM,CTG_NM,CTG_DPT,DFT_CTG_YN,DEL_YN,CREATE_DT,CREATER,UPDATE_DT,UPDATER,CSTM_YN,DEPART_CD,USE_YN) VALUES ('312','0','CShytuty',1,'N','Y',TIMESTAMP '2019-11-26 16:10:48.000000','1000000002',TIMESTAMP '2019-11-28 13:22:51.000000','1000000002',NULL,'CS','N');
INSERT INTO TB_CTG_INFO (CTG_NUM,UPPER_CTG_NUM,CTG_NM,CTG_DPT,DFT_CTG_YN,DEL_YN,CREATE_DT,CREATER,UPDATE_DT,UPDATER,CSTM_YN,DEPART_CD,USE_YN) VALUES ('313','0','CS',1,'N','Y',TIMESTAMP '2019-11-26 16:11:02.000000','1000000002',TIMESTAMP '2019-11-26 16:13:18.000000','1000000002',NULL,'CS','N');
INSERT INTO TB_CTG_INFO (CTG_NUM,UPPER_CTG_NUM,CTG_NM,CTG_DPT,DFT_CTG_YN,DEL_YN,CREATE_DT,CREATER,UPDATE_DT,UPDATER,CSTM_YN,DEPART_CD,USE_YN) VALUES ('325','0','1234',1,'N','Y',TIMESTAMP '2019-11-28 13:30:35.000000','1000000002',TIMESTAMP '2019-11-28 13:31:30.000000','1000000002',NULL,'CS','Y');
INSERT INTO TB_CTG_INFO (CTG_NUM,UPPER_CTG_NUM,CTG_NM,CTG_DPT,DFT_CTG_YN,DEL_YN,CREATE_DT,CREATER,UPDATE_DT,UPDATER,CSTM_YN,DEPART_CD,USE_YN) VALUES ('331','0','테스트테스트1',1,'N','Y',TIMESTAMP '2019-11-28 14:08:23.000000','1000000002',TIMESTAMP '2019-11-28 14:09:15.000000','1000000002',NULL,'CS','Y');
INSERT INTO TB_CTG_INFO (CTG_NUM,UPPER_CTG_NUM,CTG_NM,CTG_DPT,DFT_CTG_YN,DEL_YN,CREATE_DT,CREATER,UPDATE_DT,UPDATER,CSTM_YN,DEPART_CD,USE_YN) VALUES ('332','330','테스트 ㅁ5',2,'N','Y',TIMESTAMP '2019-11-28 14:09:42.000000','1000000002',TIMESTAMP '2019-11-28 14:11:07.000000','1000000002',NULL,'CS','Y');
INSERT INTO TB_CTG_INFO (CTG_NUM,UPPER_CTG_NUM,CTG_NM,CTG_DPT,DFT_CTG_YN,DEL_YN,CREATE_DT,CREATER,UPDATE_DT,UPDATER,CSTM_YN,DEPART_CD,USE_YN) VALUES ('346','344','계약변경',3,'N','N',TIMESTAMP '2019-11-29 09:13:12.000000','1000000002',TIMESTAMP '2019-11-29 09:13:12.000000','1000000002',NULL,'CS','Y');
INSERT INTO TB_CTG_INFO (CTG_NUM,UPPER_CTG_NUM,CTG_NM,CTG_DPT,DFT_CTG_YN,DEL_YN,CREATE_DT,CREATER,UPDATE_DT,UPDATER,CSTM_YN,DEPART_CD,USE_YN) VALUES ('348','343','계약대출',3,'N','N',TIMESTAMP '2019-11-29 09:13:27.000000','1000000002',TIMESTAMP '2019-11-29 09:13:27.000000','1000000002',NULL,'CS','Y');
INSERT INTO TB_CTG_INFO (CTG_NUM,UPPER_CTG_NUM,CTG_NM,CTG_DPT,DFT_CTG_YN,DEL_YN,CREATE_DT,CREATER,UPDATE_DT,UPDATER,CSTM_YN,DEPART_CD,USE_YN) VALUES ('349','343','신용대출',3,'N','N',TIMESTAMP '2019-11-29 09:13:31.000000','1000000002',TIMESTAMP '2019-11-29 09:13:31.000000','1000000002',NULL,'CS','Y');
INSERT INTO TB_CTG_INFO (CTG_NUM,UPPER_CTG_NUM,CTG_NM,CTG_DPT,DFT_CTG_YN,DEL_YN,CREATE_DT,CREATER,UPDATE_DT,UPDATER,CSTM_YN,DEPART_CD,USE_YN) VALUES ('356','0','신규가입문의',1,'N','Y',TIMESTAMP '2019-11-29 18:32:51.000000','9000000002',TIMESTAMP '2019-12-02 10:08:01.000000','9000000002',NULL,'CS','Y');
INSERT INTO TB_CTG_INFO (CTG_NUM,UPPER_CTG_NUM,CTG_NM,CTG_DPT,DFT_CTG_YN,DEL_YN,CREATE_DT,CREATER,UPDATE_DT,UPDATER,CSTM_YN,DEPART_CD,USE_YN) VALUES ('361','0','대출',1,'N','Y',TIMESTAMP '2019-11-29 18:35:43.000000','9000000002',TIMESTAMP '2019-12-02 10:07:58.000000','9000000002',NULL,'CS','Y');
INSERT INTO TB_CTG_INFO (CTG_NUM,UPPER_CTG_NUM,CTG_NM,CTG_DPT,DFT_CTG_YN,DEL_YN,CREATE_DT,CREATER,UPDATE_DT,UPDATER,CSTM_YN,DEPART_CD,USE_YN) VALUES ('362','0','장기보험',1,'N','Y',TIMESTAMP '2019-11-29 18:35:47.000000','9000000002',TIMESTAMP '2019-12-02 10:08:04.000000','9000000002',NULL,'CS','Y');
INSERT INTO TB_CTG_INFO (CTG_NUM,UPPER_CTG_NUM,CTG_NM,CTG_DPT,DFT_CTG_YN,DEL_YN,CREATE_DT,CREATER,UPDATE_DT,UPDATER,CSTM_YN,DEPART_CD,USE_YN) VALUES ('363','362','계약조회',2,'N','N',TIMESTAMP '2019-11-29 18:36:09.000000','9000000002',TIMESTAMP '2019-11-29 18:36:09.000000','9000000002',NULL,'CS','Y');
INSERT INTO TB_CTG_INFO (CTG_NUM,UPPER_CTG_NUM,CTG_NM,CTG_DPT,DFT_CTG_YN,DEL_YN,CREATE_DT,CREATER,UPDATE_DT,UPDATER,CSTM_YN,DEPART_CD,USE_YN) VALUES ('365','362','보험료납입',2,'N','N',TIMESTAMP '2019-11-29 18:36:30.000000','9000000002',TIMESTAMP '2019-11-29 18:36:30.000000','9000000002',NULL,'CS','Y');
INSERT INTO TB_CTG_INFO (CTG_NUM,UPPER_CTG_NUM,CTG_NM,CTG_DPT,DFT_CTG_YN,DEL_YN,CREATE_DT,CREATER,UPDATE_DT,UPDATER,CSTM_YN,DEPART_CD,USE_YN) VALUES ('366','362','해지/환급',2,'N','N',TIMESTAMP '2019-11-29 18:36:39.000000','9000000002',TIMESTAMP '2019-11-29 18:36:39.000000','9000000002',NULL,'CS','Y');
INSERT INTO TB_CTG_INFO (CTG_NUM,UPPER_CTG_NUM,CTG_NM,CTG_DPT,DFT_CTG_YN,DEL_YN,CREATE_DT,CREATER,UPDATE_DT,UPDATER,CSTM_YN,DEPART_CD,USE_YN) VALUES ('371','360','해지',2,'N','N',TIMESTAMP '2019-11-29 18:37:16.000000','9000000002',TIMESTAMP '2019-11-29 18:37:16.000000','9000000002',NULL,'CS','Y');
INSERT INTO TB_CTG_INFO (CTG_NUM,UPPER_CTG_NUM,CTG_NM,CTG_DPT,DFT_CTG_YN,DEL_YN,CREATE_DT,CREATER,UPDATE_DT,UPDATER,CSTM_YN,DEPART_CD,USE_YN) VALUES ('372','359','장기보험',2,'N','N',TIMESTAMP '2019-11-29 18:37:29.000000','9000000002',TIMESTAMP '2019-11-29 18:37:29.000000','9000000002',NULL,'CS','Y');
INSERT INTO TB_CTG_INFO (CTG_NUM,UPPER_CTG_NUM,CTG_NM,CTG_DPT,DFT_CTG_YN,DEL_YN,CREATE_DT,CREATER,UPDATE_DT,UPDATER,CSTM_YN,DEPART_CD,USE_YN) VALUES ('373','359','자동차보험',2,'N','N',TIMESTAMP '2019-11-29 18:37:33.000000','9000000002',TIMESTAMP '2019-11-29 18:37:33.000000','9000000002',NULL,'CS','Y');
INSERT INTO TB_CTG_INFO (CTG_NUM,UPPER_CTG_NUM,CTG_NM,CTG_DPT,DFT_CTG_YN,DEL_YN,CREATE_DT,CREATER,UPDATE_DT,UPDATER,CSTM_YN,DEPART_CD,USE_YN) VALUES ('381','0','장기보험',1,'N','Y',TIMESTAMP '2019-12-02 10:08:12.000000','9000000002',TIMESTAMP '2019-12-02 10:08:22.000000','9000000002',NULL,'CS','Y');
INSERT INTO TB_CTG_INFO (CTG_NUM,UPPER_CTG_NUM,CTG_NM,CTG_DPT,DFT_CTG_YN,DEL_YN,CREATE_DT,CREATER,UPDATE_DT,UPDATER,CSTM_YN,DEPART_CD,USE_YN) VALUES ('382','0','대출',1,'N','Y',TIMESTAMP '2019-12-02 10:08:17.000000','9000000002',TIMESTAMP '2019-12-02 10:08:21.000000','9000000002',NULL,'CS','Y');
INSERT INTO TB_CTG_INFO (CTG_NUM,UPPER_CTG_NUM,CTG_NM,CTG_DPT,DFT_CTG_YN,DEL_YN,CREATE_DT,CREATER,UPDATE_DT,UPDATER,CSTM_YN,DEPART_CD,USE_YN) VALUES ('383','0','증명서발급',1,'N','Y',TIMESTAMP '2019-12-02 10:08:30.000000','9000000002',TIMESTAMP '2019-12-02 10:09:26.000000','9000000002',NULL,'CS','Y');
INSERT INTO TB_CTG_INFO (CTG_NUM,UPPER_CTG_NUM,CTG_NM,CTG_DPT,DFT_CTG_YN,DEL_YN,CREATE_DT,CREATER,UPDATE_DT,UPDATER,CSTM_YN,DEPART_CD,USE_YN) VALUES ('384','0','보험금청구',1,'N','Y',TIMESTAMP '2019-12-02 10:08:35.000000','9000000002',TIMESTAMP '2019-12-02 10:09:24.000000','9000000002',NULL,'CS','Y');
INSERT INTO TB_CTG_INFO (CTG_NUM,UPPER_CTG_NUM,CTG_NM,CTG_DPT,DFT_CTG_YN,DEL_YN,CREATE_DT,CREATER,UPDATE_DT,UPDATER,CSTM_YN,DEPART_CD,USE_YN) VALUES ('385','0','자동차보험',1,'N','Y',TIMESTAMP '2019-12-02 10:08:40.000000','9000000002',TIMESTAMP '2019-12-02 10:09:25.000000','9000000002',NULL,'CS','Y');
INSERT INTO TB_CTG_INFO (CTG_NUM,UPPER_CTG_NUM,CTG_NM,CTG_DPT,DFT_CTG_YN,DEL_YN,CREATE_DT,CREATER,UPDATE_DT,UPDATER,CSTM_YN,DEPART_CD,USE_YN) VALUES ('386','0','대출',1,'N','Y',TIMESTAMP '2019-12-02 10:09:05.000000','9000000002',TIMESTAMP '2019-12-02 10:09:22.000000','9000000002',NULL,'CS','Y');
INSERT INTO TB_CTG_INFO (CTG_NUM,UPPER_CTG_NUM,CTG_NM,CTG_DPT,DFT_CTG_YN,DEL_YN,CREATE_DT,CREATER,UPDATE_DT,UPDATER,CSTM_YN,DEPART_CD,USE_YN) VALUES ('387','0','증명서발급',1,'N','Y',TIMESTAMP '2019-12-02 10:09:19.000000','9000000002',TIMESTAMP '2019-12-02 10:09:20.000000','9000000002',NULL,'CS','Y');
INSERT INTO TB_CTG_INFO (CTG_NUM,UPPER_CTG_NUM,CTG_NM,CTG_DPT,DFT_CTG_YN,DEL_YN,CREATE_DT,CREATER,UPDATE_DT,UPDATER,CSTM_YN,DEPART_CD,USE_YN) VALUES ('388','0','1. 장기보험',1,'N','N',TIMESTAMP '2019-12-02 10:09:31.000000','9000000002',TIMESTAMP '2019-12-03 15:39:33.000000','1999999991',NULL,'CS','Y');
INSERT INTO TB_CTG_INFO (CTG_NUM,UPPER_CTG_NUM,CTG_NM,CTG_DPT,DFT_CTG_YN,DEL_YN,CREATE_DT,CREATER,UPDATE_DT,UPDATER,CSTM_YN,DEPART_CD,USE_YN) VALUES ('389','0','2. 대출',1,'N','N',TIMESTAMP '2019-12-02 10:09:36.000000','9000000002',TIMESTAMP '2019-12-02 13:56:46.000000','9000000002',NULL,'CS','Y');
INSERT INTO TB_CTG_INFO (CTG_NUM,UPPER_CTG_NUM,CTG_NM,CTG_DPT,DFT_CTG_YN,DEL_YN,CREATE_DT,CREATER,UPDATE_DT,UPDATER,CSTM_YN,DEPART_CD,USE_YN) VALUES ('390','0','3. 자동차보험',1,'N','N',TIMESTAMP '2019-12-02 10:09:41.000000','9000000002',TIMESTAMP '2019-12-02 13:56:51.000000','9000000002',NULL,'CS','Y');
INSERT INTO TB_CTG_INFO (CTG_NUM,UPPER_CTG_NUM,CTG_NM,CTG_DPT,DFT_CTG_YN,DEL_YN,CREATE_DT,CREATER,UPDATE_DT,UPDATER,CSTM_YN,DEPART_CD,USE_YN) VALUES ('391','0','4. 보험금청구',1,'N','N',TIMESTAMP '2019-12-02 10:09:46.000000','9000000002',TIMESTAMP '2019-12-13 16:03:40.000000','1999999991',NULL,'CS','Y');
INSERT INTO TB_CTG_INFO (CTG_NUM,UPPER_CTG_NUM,CTG_NM,CTG_DPT,DFT_CTG_YN,DEL_YN,CREATE_DT,CREATER,UPDATE_DT,UPDATER,CSTM_YN,DEPART_CD,USE_YN) VALUES ('392','0','5. 증명서발급',1,'N','N',TIMESTAMP '2019-12-02 10:09:55.000000','9000000002',TIMESTAMP '2019-12-09 10:44:40.000000','1999999991',NULL,'CS','Y');
INSERT INTO TB_CTG_INFO (CTG_NUM,UPPER_CTG_NUM,CTG_NM,CTG_DPT,DFT_CTG_YN,DEL_YN,CREATE_DT,CREATER,UPDATE_DT,UPDATER,CSTM_YN,DEPART_CD,USE_YN) VALUES ('394','388','2.계약변경',2,'N','N',TIMESTAMP '2019-12-02 10:10:38.000000','9000000002',TIMESTAMP '2019-12-02 10:19:56.000000','9000000002',NULL,'CS','Y');
INSERT INTO TB_CTG_INFO (CTG_NUM,UPPER_CTG_NUM,CTG_NM,CTG_DPT,DFT_CTG_YN,DEL_YN,CREATE_DT,CREATER,UPDATE_DT,UPDATER,CSTM_YN,DEPART_CD,USE_YN) VALUES ('395','388','3.보험료납입',2,'N','Y',TIMESTAMP '2019-12-02 10:10:48.000000','9000000002',TIMESTAMP '2019-12-24 14:11:36.000000','1999999991',NULL,'CS','Y');
INSERT INTO TB_CTG_INFO (CTG_NUM,UPPER_CTG_NUM,CTG_NM,CTG_DPT,DFT_CTG_YN,DEL_YN,CREATE_DT,CREATER,UPDATE_DT,UPDATER,CSTM_YN,DEPART_CD,USE_YN) VALUES ('396','388','4.해지/환급',2,'N','N',TIMESTAMP '2019-12-02 10:10:53.000000','9000000002',TIMESTAMP '2019-12-02 10:20:09.000000','9000000002',NULL,'CS','Y');
INSERT INTO TB_CTG_INFO (CTG_NUM,UPPER_CTG_NUM,CTG_NM,CTG_DPT,DFT_CTG_YN,DEL_YN,CREATE_DT,CREATER,UPDATE_DT,UPDATER,CSTM_YN,DEPART_CD,USE_YN) VALUES ('397','393','3.기타',3,'N','N',TIMESTAMP '2019-12-02 10:11:04.000000','9000000002',TIMESTAMP '2019-12-24 14:10:53.000000','1999999991',NULL,'CS','N');
INSERT INTO TB_CTG_INFO (CTG_NUM,UPPER_CTG_NUM,CTG_NM,CTG_DPT,DFT_CTG_YN,DEL_YN,CREATE_DT,CREATER,UPDATE_DT,UPDATER,CSTM_YN,DEPART_CD,USE_YN) VALUES ('398','393','1.고객정보변경',3,'N','Y',TIMESTAMP '2019-12-02 10:11:10.000000','9000000002',TIMESTAMP '2019-12-24 14:10:30.000000','1999999991',NULL,'CS','N');
INSERT INTO TB_CTG_INFO (CTG_NUM,UPPER_CTG_NUM,CTG_NM,CTG_DPT,DFT_CTG_YN,DEL_YN,CREATE_DT,CREATER,UPDATE_DT,UPDATER,CSTM_YN,DEPART_CD,USE_YN) VALUES ('399','393','2.보험계약조회',3,'N','N',TIMESTAMP '2019-12-02 10:11:12.000000','9000000002',TIMESTAMP '2019-12-24 14:10:47.000000','1999999991',NULL,'CS','N');
INSERT INTO TB_CTG_INFO (CTG_NUM,UPPER_CTG_NUM,CTG_NM,CTG_DPT,DFT_CTG_YN,DEL_YN,CREATE_DT,CREATER,UPDATE_DT,UPDATER,CSTM_YN,DEPART_CD,USE_YN) VALUES ('400','394','1.배서담보/직업',3,'N','N',TIMESTAMP '2019-12-02 10:11:23.000000','9000000002',TIMESTAMP '2019-12-19 13:34:43.000000','1999999991',NULL,'CS','N');
INSERT INTO TB_CTG_INFO (CTG_NUM,UPPER_CTG_NUM,CTG_NM,CTG_DPT,DFT_CTG_YN,DEL_YN,CREATE_DT,CREATER,UPDATE_DT,UPDATER,CSTM_YN,DEPART_CD,USE_YN) VALUES ('401','394','2.자동이체변경',3,'N','Y',TIMESTAMP '2019-12-02 10:11:42.000000','9000000002',TIMESTAMP '2019-12-24 14:11:21.000000','1999999991',NULL,'CS','N');
INSERT INTO TB_CTG_INFO (CTG_NUM,UPPER_CTG_NUM,CTG_NM,CTG_DPT,DFT_CTG_YN,DEL_YN,CREATE_DT,CREATER,UPDATE_DT,UPDATER,CSTM_YN,DEPART_CD,USE_YN) VALUES ('402','395','2.즉시이체',3,'N','N',TIMESTAMP '2019-12-02 10:11:59.000000','9000000002',TIMESTAMP '2019-12-19 13:34:55.000000','1999999991',NULL,'CS','N');
INSERT INTO TB_CTG_INFO (CTG_NUM,UPPER_CTG_NUM,CTG_NM,CTG_DPT,DFT_CTG_YN,DEL_YN,CREATE_DT,CREATER,UPDATE_DT,UPDATER,CSTM_YN,DEPART_CD,USE_YN) VALUES ('403','395','3.카드',3,'N','N',TIMESTAMP '2019-12-02 10:12:01.000000','9000000002',TIMESTAMP '2019-12-19 13:34:58.000000','1999999991',NULL,'CS','N');
INSERT INTO TB_CTG_INFO (CTG_NUM,UPPER_CTG_NUM,CTG_NM,CTG_DPT,DFT_CTG_YN,DEL_YN,CREATE_DT,CREATER,UPDATE_DT,UPDATER,CSTM_YN,DEPART_CD,USE_YN) VALUES ('404','395','1.가상계좌발급',3,'N','N',TIMESTAMP '2019-12-02 10:12:05.000000','9000000002',TIMESTAMP '2019-12-19 13:34:51.000000','1999999991',NULL,'CS','N');
INSERT INTO TB_CTG_INFO (CTG_NUM,UPPER_CTG_NUM,CTG_NM,CTG_DPT,DFT_CTG_YN,DEL_YN,CREATE_DT,CREATER,UPDATE_DT,UPDATER,CSTM_YN,DEPART_CD,USE_YN) VALUES ('405','396','계약해지',3,'N','Y',TIMESTAMP '2019-12-02 10:12:13.000000','9000000002',TIMESTAMP '2019-12-19 13:35:09.000000','1999999991',NULL,'CS','Y');
INSERT INTO TB_CTG_INFO (CTG_NUM,UPPER_CTG_NUM,CTG_NM,CTG_DPT,DFT_CTG_YN,DEL_YN,CREATE_DT,CREATER,UPDATE_DT,UPDATER,CSTM_YN,DEPART_CD,USE_YN) VALUES ('406','396','1.만기/중도금신청',3,'N','N',TIMESTAMP '2019-12-02 10:12:24.000000','9000000002',TIMESTAMP '2019-12-19 13:35:20.000000','1999999991',NULL,'CS','N');
INSERT INTO TB_CTG_INFO (CTG_NUM,UPPER_CTG_NUM,CTG_NM,CTG_DPT,DFT_CTG_YN,DEL_YN,CREATE_DT,CREATER,UPDATE_DT,UPDATER,CSTM_YN,DEPART_CD,USE_YN) VALUES ('407','396','2.중도인출신청',3,'N','N',TIMESTAMP '2019-12-02 10:12:29.000000','9000000002',TIMESTAMP '2019-12-19 13:35:42.000000','1999999991',NULL,'CS','N');
INSERT INTO TB_CTG_INFO (CTG_NUM,UPPER_CTG_NUM,CTG_NM,CTG_DPT,DFT_CTG_YN,DEL_YN,CREATE_DT,CREATER,UPDATE_DT,UPDATER,CSTM_YN,DEPART_CD,USE_YN) VALUES ('409','396','휴면보험금신청',3,'N','Y',TIMESTAMP '2019-12-02 10:12:40.000000','9000000002',TIMESTAMP '2019-12-19 13:35:37.000000','1999999991',NULL,'CS','Y');
INSERT INTO TB_CTG_INFO (CTG_NUM,UPPER_CTG_NUM,CTG_NM,CTG_DPT,DFT_CTG_YN,DEL_YN,CREATE_DT,CREATER,UPDATE_DT,UPDATER,CSTM_YN,DEPART_CD,USE_YN) VALUES ('410','396','기타',3,'N','Y',TIMESTAMP '2019-12-02 10:12:43.000000','9000000002',TIMESTAMP '2019-12-19 13:35:12.000000','1999999991',NULL,'CS','Y');
INSERT INTO TB_CTG_INFO (CTG_NUM,UPPER_CTG_NUM,CTG_NM,CTG_DPT,DFT_CTG_YN,DEL_YN,CREATE_DT,CREATER,UPDATE_DT,UPDATER,CSTM_YN,DEPART_CD,USE_YN) VALUES ('411','389','1.계약대출',2,'N','N',TIMESTAMP '2019-12-02 10:12:52.000000','9000000002',TIMESTAMP '2019-12-11 12:30:32.000000','1999999991',NULL,'CS','Y');
INSERT INTO TB_CTG_INFO (CTG_NUM,UPPER_CTG_NUM,CTG_NM,CTG_DPT,DFT_CTG_YN,DEL_YN,CREATE_DT,CREATER,UPDATE_DT,UPDATER,CSTM_YN,DEPART_CD,USE_YN) VALUES ('412','389','2.신용대출',2,'N','N',TIMESTAMP '2019-12-02 10:12:56.000000','9000000002',TIMESTAMP '2019-12-11 12:30:37.000000','1999999991',NULL,'CS','Y');
INSERT INTO TB_CTG_INFO (CTG_NUM,UPPER_CTG_NUM,CTG_NM,CTG_DPT,DFT_CTG_YN,DEL_YN,CREATE_DT,CREATER,UPDATE_DT,UPDATER,CSTM_YN,DEPART_CD,USE_YN) VALUES ('413','411','대출현황조회',3,'N','N',TIMESTAMP '2019-12-02 10:13:02.000000','9000000002',TIMESTAMP '2019-12-02 10:13:02.000000','9000000002',NULL,'CS','Y');
INSERT INTO TB_CTG_INFO (CTG_NUM,UPPER_CTG_NUM,CTG_NM,CTG_DPT,DFT_CTG_YN,DEL_YN,CREATE_DT,CREATER,UPDATE_DT,UPDATER,CSTM_YN,DEPART_CD,USE_YN) VALUES ('415','411','계약대출신청',3,'N','N',TIMESTAMP '2019-12-02 10:13:31.000000','9000000002',TIMESTAMP '2019-12-02 10:13:31.000000','9000000002',NULL,'CS','Y');
INSERT INTO TB_CTG_INFO (CTG_NUM,UPPER_CTG_NUM,CTG_NM,CTG_DPT,DFT_CTG_YN,DEL_YN,CREATE_DT,CREATER,UPDATE_DT,UPDATER,CSTM_YN,DEPART_CD,USE_YN) VALUES ('416','411','원리금납부',3,'N','N',TIMESTAMP '2019-12-02 10:13:35.000000','9000000002',TIMESTAMP '2019-12-02 10:13:35.000000','9000000002',NULL,'CS','Y');
INSERT INTO TB_CTG_INFO (CTG_NUM,UPPER_CTG_NUM,CTG_NM,CTG_DPT,DFT_CTG_YN,DEL_YN,CREATE_DT,CREATER,UPDATE_DT,UPDATER,CSTM_YN,DEPART_CD,USE_YN) VALUES ('417','411','자동이체변경',3,'N','N',TIMESTAMP '2019-12-02 10:13:43.000000','9000000002',TIMESTAMP '2019-12-02 10:13:43.000000','9000000002',NULL,'CS','Y');
INSERT INTO TB_CTG_INFO (CTG_NUM,UPPER_CTG_NUM,CTG_NM,CTG_DPT,DFT_CTG_YN,DEL_YN,CREATE_DT,CREATER,UPDATE_DT,UPDATER,CSTM_YN,DEPART_CD,USE_YN) VALUES ('418','412','신용대출가능금조',3,'N','Y',TIMESTAMP '2019-12-02 10:13:54.000000','9000000002',TIMESTAMP '2019-12-02 10:14:04.000000','9000000002',NULL,'CS','Y');
INSERT INTO TB_CTG_INFO (CTG_NUM,UPPER_CTG_NUM,CTG_NM,CTG_DPT,DFT_CTG_YN,DEL_YN,CREATE_DT,CREATER,UPDATE_DT,UPDATER,CSTM_YN,DEPART_CD,USE_YN) VALUES ('419','412','신용대출이관',3,'N','N',TIMESTAMP '2019-12-02 10:14:01.000000','9000000002',TIMESTAMP '2019-12-02 10:14:01.000000','9000000002',NULL,'CS','Y');
INSERT INTO TB_CTG_INFO (CTG_NUM,UPPER_CTG_NUM,CTG_NM,CTG_DPT,DFT_CTG_YN,DEL_YN,CREATE_DT,CREATER,UPDATE_DT,UPDATER,CSTM_YN,DEPART_CD,USE_YN) VALUES ('420','390','1.계약조회',2,'N','N',TIMESTAMP '2019-12-02 10:14:21.000000','9000000002',TIMESTAMP '2019-12-02 10:20:21.000000','9000000002',NULL,'CS','Y');
INSERT INTO TB_CTG_INFO (CTG_NUM,UPPER_CTG_NUM,CTG_NM,CTG_DPT,DFT_CTG_YN,DEL_YN,CREATE_DT,CREATER,UPDATE_DT,UPDATER,CSTM_YN,DEPART_CD,USE_YN) VALUES ('421','390','2.계약변경',2,'N','N',TIMESTAMP '2019-12-02 10:14:24.000000','9000000002',TIMESTAMP '2019-12-02 10:20:27.000000','9000000002',NULL,'CS','Y');
INSERT INTO TB_CTG_INFO (CTG_NUM,UPPER_CTG_NUM,CTG_NM,CTG_DPT,DFT_CTG_YN,DEL_YN,CREATE_DT,CREATER,UPDATE_DT,UPDATER,CSTM_YN,DEPART_CD,USE_YN) VALUES ('422','390','3.해지',2,'N','N',TIMESTAMP '2019-12-02 10:14:28.000000','9000000002',TIMESTAMP '2019-12-02 10:20:30.000000','9000000002',NULL,'CS','Y');
INSERT INTO TB_CTG_INFO (CTG_NUM,UPPER_CTG_NUM,CTG_NM,CTG_DPT,DFT_CTG_YN,DEL_YN,CREATE_DT,CREATER,UPDATE_DT,UPDATER,CSTM_YN,DEPART_CD,USE_YN) VALUES ('423','420','보험계약조회',3,'N','N',TIMESTAMP '2019-12-02 10:14:33.000000','9000000002',TIMESTAMP '2019-12-02 10:14:33.000000','9000000002',NULL,'CS','Y');
INSERT INTO TB_CTG_INFO (CTG_NUM,UPPER_CTG_NUM,CTG_NM,CTG_DPT,DFT_CTG_YN,DEL_YN,CREATE_DT,CREATER,UPDATE_DT,UPDATER,CSTM_YN,DEPART_CD,USE_YN) VALUES ('425','420','기타',3,'N','N',TIMESTAMP '2019-12-02 10:14:40.000000','9000000002',TIMESTAMP '2019-12-02 10:14:40.000000','9000000002',NULL,'CS','Y');
INSERT INTO TB_CTG_INFO (CTG_NUM,UPPER_CTG_NUM,CTG_NM,CTG_DPT,DFT_CTG_YN,DEL_YN,CREATE_DT,CREATER,UPDATE_DT,UPDATER,CSTM_YN,DEPART_CD,USE_YN) VALUES ('426','421','차량번호등록수정',3,'N','N',TIMESTAMP '2019-12-02 10:14:52.000000','9000000002',TIMESTAMP '2019-12-02 10:14:52.000000','9000000002',NULL,'CS','Y');
INSERT INTO TB_CTG_INFO (CTG_NUM,UPPER_CTG_NUM,CTG_NM,CTG_DPT,DFT_CTG_YN,DEL_YN,CREATE_DT,CREATER,UPDATE_DT,UPDATER,CSTM_YN,DEPART_CD,USE_YN) VALUES ('427','421','임시운전자특약',3,'N','N',TIMESTAMP '2019-12-02 10:14:59.000000','9000000002',TIMESTAMP '2019-12-02 10:15:30.000000','9000000002',NULL,'CS','Y');
INSERT INTO TB_CTG_INFO (CTG_NUM,UPPER_CTG_NUM,CTG_NM,CTG_DPT,DFT_CTG_YN,DEL_YN,CREATE_DT,CREATER,UPDATE_DT,UPDATER,CSTM_YN,DEPART_CD,USE_YN) VALUES ('428','421','특약변경',3,'N','N',TIMESTAMP '2019-12-02 10:15:05.000000','9000000002',TIMESTAMP '2019-12-02 10:15:05.000000','9000000002',NULL,'CS','Y');
INSERT INTO TB_CTG_INFO (CTG_NUM,UPPER_CTG_NUM,CTG_NM,CTG_DPT,DFT_CTG_YN,DEL_YN,CREATE_DT,CREATER,UPDATE_DT,UPDATER,CSTM_YN,DEPART_CD,USE_YN) VALUES ('430','421','담보 변경',3,'N','N',TIMESTAMP '2019-12-02 10:15:23.000000','9000000002',TIMESTAMP '2019-12-02 10:15:23.000000','9000000002',NULL,'CS','Y');
INSERT INTO TB_CTG_INFO (CTG_NUM,UPPER_CTG_NUM,CTG_NM,CTG_DPT,DFT_CTG_YN,DEL_YN,CREATE_DT,CREATER,UPDATE_DT,UPDATER,CSTM_YN,DEPART_CD,USE_YN) VALUES ('431','421','추가운전자경력',3,'N','N',TIMESTAMP '2019-12-02 10:15:47.000000','9000000002',TIMESTAMP '2019-12-02 10:15:47.000000','9000000002',NULL,'CS','Y');
INSERT INTO TB_CTG_INFO (CTG_NUM,UPPER_CTG_NUM,CTG_NM,CTG_DPT,DFT_CTG_YN,DEL_YN,CREATE_DT,CREATER,UPDATE_DT,UPDATER,CSTM_YN,DEPART_CD,USE_YN) VALUES ('432','421','주행거리특약',3,'N','N',TIMESTAMP '2019-12-02 10:15:53.000000','9000000002',TIMESTAMP '2019-12-02 10:15:53.000000','9000000002',NULL,'CS','Y');
INSERT INTO TB_CTG_INFO (CTG_NUM,UPPER_CTG_NUM,CTG_NM,CTG_DPT,DFT_CTG_YN,DEL_YN,CREATE_DT,CREATER,UPDATE_DT,UPDATER,CSTM_YN,DEPART_CD,USE_YN) VALUES ('433','421','기타',3,'N','N',TIMESTAMP '2019-12-02 10:15:57.000000','9000000002',TIMESTAMP '2019-12-02 10:15:57.000000','9000000002',NULL,'CS','Y');
INSERT INTO TB_CTG_INFO (CTG_NUM,UPPER_CTG_NUM,CTG_NM,CTG_DPT,DFT_CTG_YN,DEL_YN,CREATE_DT,CREATER,UPDATE_DT,UPDATER,CSTM_YN,DEPART_CD,USE_YN) VALUES ('434','422','양도/말소해지',3,'N','N',TIMESTAMP '2019-12-02 10:16:08.000000','9000000002',TIMESTAMP '2019-12-02 10:16:08.000000','9000000002',NULL,'CS','Y');
INSERT INTO TB_CTG_INFO (CTG_NUM,UPPER_CTG_NUM,CTG_NM,CTG_DPT,DFT_CTG_YN,DEL_YN,CREATE_DT,CREATER,UPDATE_DT,UPDATER,CSTM_YN,DEPART_CD,USE_YN) VALUES ('435','422','개시전취소',3,'N','N',TIMESTAMP '2019-12-02 10:16:12.000000','9000000002',TIMESTAMP '2019-12-02 10:16:12.000000','9000000002',NULL,'CS','Y');
INSERT INTO TB_CTG_INFO (CTG_NUM,UPPER_CTG_NUM,CTG_NM,CTG_DPT,DFT_CTG_YN,DEL_YN,CREATE_DT,CREATER,UPDATE_DT,UPDATER,CSTM_YN,DEPART_CD,USE_YN) VALUES ('436','422','기타',3,'N','N',TIMESTAMP '2019-12-02 10:16:15.000000','9000000002',TIMESTAMP '2019-12-02 10:16:15.000000','9000000002',NULL,'CS','Y');
INSERT INTO TB_CTG_INFO (CTG_NUM,UPPER_CTG_NUM,CTG_NM,CTG_DPT,DFT_CTG_YN,DEL_YN,CREATE_DT,CREATER,UPDATE_DT,UPDATER,CSTM_YN,DEPART_CD,USE_YN) VALUES ('437','391','1.장기보험',2,'N','N',TIMESTAMP '2019-12-02 10:16:24.000000','9000000002',TIMESTAMP '2019-12-02 10:20:35.000000','9000000002',NULL,'CS','Y');
INSERT INTO TB_CTG_INFO (CTG_NUM,UPPER_CTG_NUM,CTG_NM,CTG_DPT,DFT_CTG_YN,DEL_YN,CREATE_DT,CREATER,UPDATE_DT,UPDATER,CSTM_YN,DEPART_CD,USE_YN) VALUES ('438','391','2.자동차보험',2,'N','N',TIMESTAMP '2019-12-02 10:16:27.000000','9000000002',TIMESTAMP '2019-12-02 10:20:40.000000','9000000002',NULL,'CS','Y');
INSERT INTO TB_CTG_INFO (CTG_NUM,UPPER_CTG_NUM,CTG_NM,CTG_DPT,DFT_CTG_YN,DEL_YN,CREATE_DT,CREATER,UPDATE_DT,UPDATER,CSTM_YN,DEPART_CD,USE_YN) VALUES ('439','437','장기보험금청구',3,'N','N',TIMESTAMP '2019-12-02 10:16:35.000000','9000000002',TIMESTAMP '2019-12-02 10:16:35.000000','9000000002',NULL,'CS','Y');
INSERT INTO TB_CTG_INFO (CTG_NUM,UPPER_CTG_NUM,CTG_NM,CTG_DPT,DFT_CTG_YN,DEL_YN,CREATE_DT,CREATER,UPDATE_DT,UPDATER,CSTM_YN,DEPART_CD,USE_YN) VALUES ('440','437','구비서류안내',3,'N','N',TIMESTAMP '2019-12-02 10:16:39.000000','9000000002',TIMESTAMP '2019-12-02 10:16:39.000000','9000000002',NULL,'CS','Y');
INSERT INTO TB_CTG_INFO (CTG_NUM,UPPER_CTG_NUM,CTG_NM,CTG_DPT,DFT_CTG_YN,DEL_YN,CREATE_DT,CREATER,UPDATE_DT,UPDATER,CSTM_YN,DEPART_CD,USE_YN) VALUES ('441','437','장기보상상담',3,'N','N',TIMESTAMP '2019-12-02 10:16:43.000000','9000000002',TIMESTAMP '2019-12-02 10:16:43.000000','9000000002',NULL,'CS','Y');
INSERT INTO TB_CTG_INFO (CTG_NUM,UPPER_CTG_NUM,CTG_NM,CTG_DPT,DFT_CTG_YN,DEL_YN,CREATE_DT,CREATER,UPDATE_DT,UPDATER,CSTM_YN,DEPART_CD,USE_YN) VALUES ('442','437','처리현황조회',3,'N','N',TIMESTAMP '2019-12-02 10:16:47.000000','9000000002',TIMESTAMP '2019-12-02 10:16:47.000000','9000000002',NULL,'CS','Y');
INSERT INTO TB_CTG_INFO (CTG_NUM,UPPER_CTG_NUM,CTG_NM,CTG_DPT,DFT_CTG_YN,DEL_YN,CREATE_DT,CREATER,UPDATE_DT,UPDATER,CSTM_YN,DEPART_CD,USE_YN) VALUES ('444','438','사고접수',3,'N','N',TIMESTAMP '2019-12-02 10:17:01.000000','9000000002',TIMESTAMP '2019-12-02 10:17:01.000000','9000000002',NULL,'CS','Y');
INSERT INTO TB_CTG_INFO (CTG_NUM,UPPER_CTG_NUM,CTG_NM,CTG_DPT,DFT_CTG_YN,DEL_YN,CREATE_DT,CREATER,UPDATE_DT,UPDATER,CSTM_YN,DEPART_CD,USE_YN) VALUES ('446','438','자동차보상내역조',3,'N','Y',TIMESTAMP '2019-12-02 10:17:12.000000','9000000002',TIMESTAMP '2019-12-02 10:17:19.000000','9000000002',NULL,'CS','Y');
INSERT INTO TB_CTG_INFO (CTG_NUM,UPPER_CTG_NUM,CTG_NM,CTG_DPT,DFT_CTG_YN,DEL_YN,CREATE_DT,CREATER,UPDATE_DT,UPDATER,CSTM_YN,DEPART_CD,USE_YN) VALUES ('447','438','보상내역조회',3,'N','N',TIMESTAMP '2019-12-02 10:17:17.000000','9000000002',TIMESTAMP '2019-12-02 10:17:17.000000','9000000002',NULL,'CS','Y');
INSERT INTO TB_CTG_INFO (CTG_NUM,UPPER_CTG_NUM,CTG_NM,CTG_DPT,DFT_CTG_YN,DEL_YN,CREATE_DT,CREATER,UPDATE_DT,UPDATER,CSTM_YN,DEPART_CD,USE_YN) VALUES ('448','438','보험금지급확인서',3,'N','N',TIMESTAMP '2019-12-02 10:17:27.000000','9000000002',TIMESTAMP '2019-12-02 10:17:27.000000','9000000002',NULL,'CS','Y');
INSERT INTO TB_CTG_INFO (CTG_NUM,UPPER_CTG_NUM,CTG_NM,CTG_DPT,DFT_CTG_YN,DEL_YN,CREATE_DT,CREATER,UPDATE_DT,UPDATER,CSTM_YN,DEPART_CD,USE_YN) VALUES ('449','392','1.계약',2,'N','N',TIMESTAMP '2019-12-02 10:17:39.000000','9000000002',TIMESTAMP '2019-12-02 10:20:51.000000','9000000002',NULL,'CS','Y');
INSERT INTO TB_CTG_INFO (CTG_NUM,UPPER_CTG_NUM,CTG_NM,CTG_DPT,DFT_CTG_YN,DEL_YN,CREATE_DT,CREATER,UPDATE_DT,UPDATER,CSTM_YN,DEPART_CD,USE_YN) VALUES ('302','0','테스트',1,'N','Y',TIMESTAMP '2019-11-26 09:40:45.000000','1000000002',TIMESTAMP '2019-11-29 18:33:05.000000','9000000002',NULL,'CS','Y');
INSERT INTO TB_CTG_INFO (CTG_NUM,UPPER_CTG_NUM,CTG_NM,CTG_DPT,DFT_CTG_YN,DEL_YN,CREATE_DT,CREATER,UPDATE_DT,UPDATER,CSTM_YN,DEPART_CD,USE_YN) VALUES ('22',NULL,'CS',1,'N','Y',TIMESTAMP '2019-01-08 00:00:00.000000','9000000001',TIMESTAMP '2019-11-29 18:34:14.000000','9000000002','N','CS','Y');
INSERT INTO TB_CTG_INFO (CTG_NUM,UPPER_CTG_NUM,CTG_NM,CTG_DPT,DFT_CTG_YN,DEL_YN,CREATE_DT,CREATER,UPDATE_DT,UPDATER,CSTM_YN,DEPART_CD,USE_YN) VALUES ('141','27','수납',3,'N','Y',TIMESTAMP '2019-10-02 00:00:00.000000','1000000002',TIMESTAMP '2019-11-29 09:14:45.000000','1000000002','N','CS','Y');
INSERT INTO TB_CTG_INFO (CTG_NUM,UPPER_CTG_NUM,CTG_NM,CTG_DPT,DFT_CTG_YN,DEL_YN,CREATE_DT,CREATER,UPDATE_DT,UPDATER,CSTM_YN,DEPART_CD,USE_YN) VALUES ('25','21','TM 중분류1',2,'N','N',TIMESTAMP '2019-01-08 00:00:00.000000','9000000001',TIMESTAMP '2019-10-14 00:00:00.000000','1000000001','N','TM','Y');
INSERT INTO TB_CTG_INFO (CTG_NUM,UPPER_CTG_NUM,CTG_NM,CTG_DPT,DFT_CTG_YN,DEL_YN,CREATE_DT,CREATER,UPDATE_DT,UPDATER,CSTM_YN,DEPART_CD,USE_YN) VALUES ('26','21','TM 중분류2',2,'N','N',TIMESTAMP '2019-01-08 00:00:00.000000','9000000001',TIMESTAMP '2019-09-28 00:00:00.000000','1000000001','N','TM','Y');
INSERT INTO TB_CTG_INFO (CTG_NUM,UPPER_CTG_NUM,CTG_NM,CTG_DPT,DFT_CTG_YN,DEL_YN,CREATE_DT,CREATER,UPDATE_DT,UPDATER,CSTM_YN,DEPART_CD,USE_YN) VALUES ('27','22','증명서발급',2,'N','N',TIMESTAMP '2019-01-08 00:00:00.000000','9000000001',TIMESTAMP '2019-11-29 09:12:17.000000','1000000002','N','CS','Y');
INSERT INTO TB_CTG_INFO (CTG_NUM,UPPER_CTG_NUM,CTG_NM,CTG_DPT,DFT_CTG_YN,DEL_YN,CREATE_DT,CREATER,UPDATE_DT,UPDATER,CSTM_YN,DEPART_CD,USE_YN) VALUES ('81','25','TM 소분류11',3,'N','N',TIMESTAMP '2019-09-17 00:00:00.000000','1000000033',TIMESTAMP '2019-09-28 00:00:00.000000','1000000001','N','TM','Y');
INSERT INTO TB_CTG_INFO (CTG_NUM,UPPER_CTG_NUM,CTG_NM,CTG_DPT,DFT_CTG_YN,DEL_YN,CREATE_DT,CREATER,UPDATE_DT,UPDATER,CSTM_YN,DEPART_CD,USE_YN) VALUES ('82','25','TM 소분류12',3,'N','N',TIMESTAMP '2019-09-17 00:00:00.000000','1000000033',TIMESTAMP '2019-10-14 00:00:00.000000','1000000001','N','TM','Y');
INSERT INTO TB_CTG_INFO (CTG_NUM,UPPER_CTG_NUM,CTG_NM,CTG_DPT,DFT_CTG_YN,DEL_YN,CREATE_DT,CREATER,UPDATE_DT,UPDATER,CSTM_YN,DEPART_CD,USE_YN) VALUES ('83','26','TM 소분류21',3,'N','N',TIMESTAMP '2019-09-17 00:00:00.000000','1000000033',TIMESTAMP '2019-09-28 00:00:00.000000','1000000001','N','TM','Y');
INSERT INTO TB_CTG_INFO (CTG_NUM,UPPER_CTG_NUM,CTG_NM,CTG_DPT,DFT_CTG_YN,DEL_YN,CREATE_DT,CREATER,UPDATE_DT,UPDATER,CSTM_YN,DEPART_CD,USE_YN) VALUES ('330','0','테스트테스트',1,'N','Y',TIMESTAMP '2019-11-28 14:08:16.000000','1000000002',TIMESTAMP '2019-11-28 14:11:40.000000','1000000002',NULL,'CS','Y');
INSERT INTO TB_CTG_INFO (CTG_NUM,UPPER_CTG_NUM,CTG_NM,CTG_DPT,DFT_CTG_YN,DEL_YN,CREATE_DT,CREATER,UPDATE_DT,UPDATER,CSTM_YN,DEPART_CD,USE_YN) VALUES ('337','0','테스트테스트',1,'N','Y',TIMESTAMP '2019-11-28 14:11:23.000000','1000000002',TIMESTAMP '2019-11-28 14:11:42.000000','1000000002',NULL,'CS','Y');
INSERT INTO TB_CTG_INFO (CTG_NUM,UPPER_CTG_NUM,CTG_NM,CTG_DPT,DFT_CTG_YN,DEL_YN,CREATE_DT,CREATER,UPDATE_DT,UPDATER,CSTM_YN,DEPART_CD,USE_YN) VALUES ('341','27','보상청구',3,'N','Y',TIMESTAMP '2019-11-29 09:11:53.000000','1000000002',TIMESTAMP '2019-11-29 09:14:44.000000','1000000002',NULL,'CS','Y');
INSERT INTO TB_CTG_INFO (CTG_NUM,UPPER_CTG_NUM,CTG_NM,CTG_DPT,DFT_CTG_YN,DEL_YN,CREATE_DT,CREATER,UPDATE_DT,UPDATER,CSTM_YN,DEPART_CD,USE_YN) VALUES ('342','27','증명서발급',3,'N','Y',TIMESTAMP '2019-11-29 09:11:58.000000','1000000002',TIMESTAMP '2019-11-29 09:14:47.000000','1000000002',NULL,'CS','Y');
INSERT INTO TB_CTG_INFO (CTG_NUM,UPPER_CTG_NUM,CTG_NM,CTG_DPT,DFT_CTG_YN,DEL_YN,CREATE_DT,CREATER,UPDATE_DT,UPDATER,CSTM_YN,DEPART_CD,USE_YN) VALUES ('123','61','CS 소분류22',3,'N','Y',TIMESTAMP '2019-09-28 00:00:00.000000','1000000001',TIMESTAMP '2019-11-29 09:14:25.000000','1000000002','N','CS','Y');
INSERT INTO TB_CTG_INFO (CTG_NUM,UPPER_CTG_NUM,CTG_NM,CTG_DPT,DFT_CTG_YN,DEL_YN,CREATE_DT,CREATER,UPDATE_DT,UPDATER,CSTM_YN,DEPART_CD,USE_YN) VALUES ('345','344','계약조회',3,'N','N',TIMESTAMP '2019-11-29 09:13:06.000000','1000000002',TIMESTAMP '2019-11-29 09:13:06.000000','1000000002',NULL,'CS','Y');
INSERT INTO TB_CTG_INFO (CTG_NUM,UPPER_CTG_NUM,CTG_NM,CTG_DPT,DFT_CTG_YN,DEL_YN,CREATE_DT,CREATER,UPDATE_DT,UPDATER,CSTM_YN,DEPART_CD,USE_YN) VALUES ('9999999998','181','기본 분류',2,'Y','N',TIMESTAMP '2019-09-28 00:00:00.000000','1000000001',TIMESTAMP '2019-11-29 09:56:21.000000','1000000002','N','TM','N');
INSERT INTO TB_CTG_INFO (CTG_NUM,UPPER_CTG_NUM,CTG_NM,CTG_DPT,DFT_CTG_YN,DEL_YN,CREATE_DT,CREATER,UPDATE_DT,UPDATER,CSTM_YN,DEPART_CD,USE_YN) VALUES ('9999999999','22','기본 분류',2,'Y','N',TIMESTAMP '2019-09-28 00:00:00.000000','1000000001',TIMESTAMP '2019-11-29 09:10:35.000000','1000000002','N','CS','N');
INSERT INTO TB_CTG_INFO (CTG_NUM,UPPER_CTG_NUM,CTG_NM,CTG_DPT,DFT_CTG_YN,DEL_YN,CREATE_DT,CREATER,UPDATE_DT,UPDATER,CSTM_YN,DEPART_CD,USE_YN) VALUES ('127','26','TM 소분류22',3,'N','N',TIMESTAMP '2019-09-28 00:00:00.000000','1000000001',TIMESTAMP '2019-10-14 00:00:00.000000','1000000001','N','TM','Y');
INSERT INTO TB_CTG_INFO (CTG_NUM,UPPER_CTG_NUM,CTG_NM,CTG_DPT,DFT_CTG_YN,DEL_YN,CREATE_DT,CREATER,UPDATE_DT,UPDATER,CSTM_YN,DEPART_CD,USE_YN) VALUES ('61','22','보험금청구',2,'N','N',TIMESTAMP '2019-09-05 00:00:00.000000','9000000001',TIMESTAMP '2019-11-29 09:12:23.000000','1000000002','N','CS','Y');
INSERT INTO TB_CTG_INFO (CTG_NUM,UPPER_CTG_NUM,CTG_NM,CTG_DPT,DFT_CTG_YN,DEL_YN,CREATE_DT,CREATER,UPDATE_DT,UPDATER,CSTM_YN,DEPART_CD,USE_YN) VALUES ('350','287','계약조회',3,'N','N',TIMESTAMP '2019-11-29 09:14:03.000000','1000000002',TIMESTAMP '2019-11-29 09:14:03.000000','1000000002',NULL,'CS','Y');
INSERT INTO TB_CTG_INFO (CTG_NUM,UPPER_CTG_NUM,CTG_NM,CTG_DPT,DFT_CTG_YN,DEL_YN,CREATE_DT,CREATER,UPDATE_DT,UPDATER,CSTM_YN,DEPART_CD,USE_YN) VALUES ('85','61','자동차보험',3,'N','N',TIMESTAMP '2019-09-17 00:00:00.000000','1000000033',TIMESTAMP '2019-11-29 09:14:31.000000','1000000002','N','CS','Y');
INSERT INTO TB_CTG_INFO (CTG_NUM,UPPER_CTG_NUM,CTG_NM,CTG_DPT,DFT_CTG_YN,DEL_YN,CREATE_DT,CREATER,UPDATE_DT,UPDATER,CSTM_YN,DEPART_CD,USE_YN) VALUES ('86','28','CS 소분류2',3,'N','N',TIMESTAMP '2019-09-17 00:00:00.000000','1000000033',TIMESTAMP '2019-09-28 00:00:00.000000','1000000001','N','CS','Y');
INSERT INTO TB_CTG_INFO (CTG_NUM,UPPER_CTG_NUM,CTG_NM,CTG_DPT,DFT_CTG_YN,DEL_YN,CREATE_DT,CREATER,UPDATE_DT,UPDATER,CSTM_YN,DEPART_CD,USE_YN) VALUES ('87','28','CS 소분류1',3,'N','N',TIMESTAMP '2019-09-17 00:00:00.000000','1000000033',TIMESTAMP '2019-09-28 00:00:00.000000','1000000001','N','CS','Y');
INSERT INTO TB_CTG_INFO (CTG_NUM,UPPER_CTG_NUM,CTG_NM,CTG_DPT,DFT_CTG_YN,DEL_YN,CREATE_DT,CREATER,UPDATE_DT,UPDATER,CSTM_YN,DEPART_CD,USE_YN) VALUES ('357','0','대출',1,'N','Y',TIMESTAMP '2019-11-29 18:34:23.000000','9000000002',TIMESTAMP '2019-11-29 18:35:06.000000','9000000002',NULL,'CS','Y');
INSERT INTO TB_CTG_INFO (CTG_NUM,UPPER_CTG_NUM,CTG_NM,CTG_DPT,DFT_CTG_YN,DEL_YN,CREATE_DT,CREATER,UPDATE_DT,UPDATER,CSTM_YN,DEPART_CD,USE_YN) VALUES ('393','388','1.계약조회',2,'N','N',TIMESTAMP '2019-12-02 10:10:34.000000','9000000002',TIMESTAMP '2019-12-02 10:19:44.000000','9000000002',NULL,'CS','Y');
INSERT INTO TB_CTG_INFO (CTG_NUM,UPPER_CTG_NUM,CTG_NM,CTG_DPT,DFT_CTG_YN,DEL_YN,CREATE_DT,CREATER,UPDATE_DT,UPDATER,CSTM_YN,DEPART_CD,USE_YN) VALUES ('408','396','연금/배당금신청',3,'N','Y',TIMESTAMP '2019-12-02 10:12:35.000000','9000000002',TIMESTAMP '2019-12-19 13:35:30.000000','1999999991',NULL,'CS','Y');
INSERT INTO TB_CTG_INFO (CTG_NUM,UPPER_CTG_NUM,CTG_NM,CTG_DPT,DFT_CTG_YN,DEL_YN,CREATE_DT,CREATER,UPDATE_DT,UPDATER,CSTM_YN,DEPART_CD,USE_YN) VALUES ('414','411','계약대출가능금',3,'N','N',TIMESTAMP '2019-12-02 10:13:22.000000','9000000002',TIMESTAMP '2019-12-02 10:13:22.000000','9000000002',NULL,'CS','Y');
INSERT INTO TB_CTG_INFO (CTG_NUM,UPPER_CTG_NUM,CTG_NM,CTG_DPT,DFT_CTG_YN,DEL_YN,CREATE_DT,CREATER,UPDATE_DT,UPDATER,CSTM_YN,DEPART_CD,USE_YN) VALUES ('424','420','고객정보변경',3,'N','N',TIMESTAMP '2019-12-02 10:14:37.000000','9000000002',TIMESTAMP '2019-12-02 10:14:37.000000','9000000002',NULL,'CS','Y');
INSERT INTO TB_CTG_INFO (CTG_NUM,UPPER_CTG_NUM,CTG_NM,CTG_DPT,DFT_CTG_YN,DEL_YN,CREATE_DT,CREATER,UPDATE_DT,UPDATER,CSTM_YN,DEPART_CD,USE_YN) VALUES ('429','421','담보/가입금액변',3,'N','Y',TIMESTAMP '2019-12-02 10:15:12.000000','9000000002',TIMESTAMP '2019-12-02 10:15:25.000000','9000000002',NULL,'CS','Y');
INSERT INTO TB_CTG_INFO (CTG_NUM,UPPER_CTG_NUM,CTG_NM,CTG_DPT,DFT_CTG_YN,DEL_YN,CREATE_DT,CREATER,UPDATE_DT,UPDATER,CSTM_YN,DEPART_CD,USE_YN) VALUES ('443','437','보험금지급내역서',3,'N','N',TIMESTAMP '2019-12-02 10:16:54.000000','9000000002',TIMESTAMP '2019-12-02 10:16:54.000000','9000000002',NULL,'CS','Y');
INSERT INTO TB_CTG_INFO (CTG_NUM,UPPER_CTG_NUM,CTG_NM,CTG_DPT,DFT_CTG_YN,DEL_YN,CREATE_DT,CREATER,UPDATE_DT,UPDATER,CSTM_YN,DEPART_CD,USE_YN) VALUES ('445','438','자동차사고 상담',3,'N','N',TIMESTAMP '2019-12-02 10:17:06.000000','9000000002',TIMESTAMP '2019-12-02 14:13:13.000000','9000000002',NULL,'CS','Y');
INSERT INTO TB_CTG_INFO (CTG_NUM,UPPER_CTG_NUM,CTG_NM,CTG_DPT,DFT_CTG_YN,DEL_YN,CREATE_DT,CREATER,UPDATE_DT,UPDATER,CSTM_YN,DEPART_CD,USE_YN) VALUES ('450','392','2.대출',2,'N','N',TIMESTAMP '2019-12-02 10:17:42.000000','9000000002',TIMESTAMP '2019-12-02 10:20:55.000000','9000000002',NULL,'CS','Y');
INSERT INTO TB_CTG_INFO (CTG_NUM,UPPER_CTG_NUM,CTG_NM,CTG_DPT,DFT_CTG_YN,DEL_YN,CREATE_DT,CREATER,UPDATE_DT,UPDATER,CSTM_YN,DEPART_CD,USE_YN) VALUES ('451','392','3.기타',2,'N','N',TIMESTAMP '2019-12-02 10:17:44.000000','9000000002',TIMESTAMP '2019-12-02 10:21:12.000000','9000000002',NULL,'CS','Y');
INSERT INTO TB_CTG_INFO (CTG_NUM,UPPER_CTG_NUM,CTG_NM,CTG_DPT,DFT_CTG_YN,DEL_YN,CREATE_DT,CREATER,UPDATE_DT,UPDATER,CSTM_YN,DEPART_CD,USE_YN) VALUES ('452','449','장기보험증권',3,'N','Y',TIMESTAMP '2019-12-02 10:17:49.000000','9000000002',TIMESTAMP '2019-12-19 13:34:05.000000','1999999991',NULL,'CS','Y');
INSERT INTO TB_CTG_INFO (CTG_NUM,UPPER_CTG_NUM,CTG_NM,CTG_DPT,DFT_CTG_YN,DEL_YN,CREATE_DT,CREATER,UPDATE_DT,UPDATER,CSTM_YN,DEPART_CD,USE_YN) VALUES ('453','449','자동차보험증권',3,'N','Y',TIMESTAMP '2019-12-02 10:17:53.000000','9000000002',TIMESTAMP '2019-12-19 13:34:07.000000','1999999991',NULL,'CS','Y');
INSERT INTO TB_CTG_INFO (CTG_NUM,UPPER_CTG_NUM,CTG_NM,CTG_DPT,DFT_CTG_YN,DEL_YN,CREATE_DT,CREATER,UPDATE_DT,UPDATER,CSTM_YN,DEPART_CD,USE_YN) VALUES ('454','449','3.보험증권',3,'N','N',TIMESTAMP '2019-12-02 10:17:57.000000','9000000002',TIMESTAMP '2019-12-19 13:33:54.000000','1999999991',NULL,'CS','N');
INSERT INTO TB_CTG_INFO (CTG_NUM,UPPER_CTG_NUM,CTG_NM,CTG_DPT,DFT_CTG_YN,DEL_YN,CREATE_DT,CREATER,UPDATE_DT,UPDATER,CSTM_YN,DEPART_CD,USE_YN) VALUES ('455','449','1.보험료납입증명서',3,'N','N',TIMESTAMP '2019-12-02 10:18:02.000000','9000000002',TIMESTAMP '2019-12-19 13:33:26.000000','1999999991',NULL,'CS','N');
INSERT INTO TB_CTG_INFO (CTG_NUM,UPPER_CTG_NUM,CTG_NM,CTG_DPT,DFT_CTG_YN,DEL_YN,CREATE_DT,CREATER,UPDATE_DT,UPDATER,CSTM_YN,DEPART_CD,USE_YN) VALUES ('456','449','2.예정해지금내역서',3,'N','N',TIMESTAMP '2019-12-02 10:18:09.000000','9000000002',TIMESTAMP '2019-12-19 13:33:31.000000','1999999991',NULL,'CS','N');
INSERT INTO TB_CTG_INFO (CTG_NUM,UPPER_CTG_NUM,CTG_NM,CTG_DPT,DFT_CTG_YN,DEL_YN,CREATE_DT,CREATER,UPDATE_DT,UPDATER,CSTM_YN,DEPART_CD,USE_YN) VALUES ('457','449','4.자동차가입증명서',3,'N','N',TIMESTAMP '2019-12-02 10:18:20.000000','9000000002',TIMESTAMP '2019-12-19 13:34:01.000000','1999999991',NULL,'CS','N');
INSERT INTO TB_CTG_INFO (CTG_NUM,UPPER_CTG_NUM,CTG_NM,CTG_DPT,DFT_CTG_YN,DEL_YN,CREATE_DT,CREATER,UPDATE_DT,UPDATER,CSTM_YN,DEPART_CD,USE_YN) VALUES ('458','450','계약대출잔액증명',3,'N','N',TIMESTAMP '2019-12-02 10:18:29.000000','9000000002',TIMESTAMP '2019-12-02 10:18:29.000000','9000000002',NULL,'CS','Y');
INSERT INTO TB_CTG_INFO (CTG_NUM,UPPER_CTG_NUM,CTG_NM,CTG_DPT,DFT_CTG_YN,DEL_YN,CREATE_DT,CREATER,UPDATE_DT,UPDATER,CSTM_YN,DEPART_CD,USE_YN) VALUES ('459','450','원리금납부내역서',3,'N','N',TIMESTAMP '2019-12-02 10:18:40.000000','9000000002',TIMESTAMP '2019-12-02 10:18:40.000000','9000000002',NULL,'CS','Y');
INSERT INTO TB_CTG_INFO (CTG_NUM,UPPER_CTG_NUM,CTG_NM,CTG_DPT,DFT_CTG_YN,DEL_YN,CREATE_DT,CREATER,UPDATE_DT,UPDATER,CSTM_YN,DEPART_CD,USE_YN) VALUES ('460','451','발급/안내',3,'N','N',TIMESTAMP '2019-12-02 10:18:47.000000','9000000002',TIMESTAMP '2019-12-02 10:18:47.000000','9000000002',NULL,'CS','Y');
INSERT INTO TB_CTG_INFO (CTG_NUM,UPPER_CTG_NUM,CTG_NM,CTG_DPT,DFT_CTG_YN,DEL_YN,CREATE_DT,CREATER,UPDATE_DT,UPDATER,CSTM_YN,DEPART_CD,USE_YN) VALUES ('461','388','1.계약조회',2,'N','Y',TIMESTAMP '2019-12-02 10:19:34.000000','9000000002',TIMESTAMP '2019-12-02 10:19:39.000000','9000000002',NULL,'CS','Y');
INSERT INTO TB_CTG_INFO (CTG_NUM,UPPER_CTG_NUM,CTG_NM,CTG_DPT,DFT_CTG_YN,DEL_YN,CREATE_DT,CREATER,UPDATE_DT,UPDATER,CSTM_YN,DEPART_CD,USE_YN) VALUES ('462','388','2.계약변경',2,'N','Y',TIMESTAMP '2019-12-02 10:19:49.000000','9000000002',TIMESTAMP '2019-12-02 10:19:52.000000','9000000002',NULL,'CS','Y');
INSERT INTO TB_CTG_INFO (CTG_NUM,UPPER_CTG_NUM,CTG_NM,CTG_DPT,DFT_CTG_YN,DEL_YN,CREATE_DT,CREATER,UPDATE_DT,UPDATER,CSTM_YN,DEPART_CD,USE_YN) VALUES ('463','392','1.계약',2,'N','Y',TIMESTAMP '2019-12-02 10:20:46.000000','9000000002',TIMESTAMP '2019-12-02 10:20:47.000000','9000000002',NULL,'CS','Y');
INSERT INTO TB_CTG_INFO (CTG_NUM,UPPER_CTG_NUM,CTG_NM,CTG_DPT,DFT_CTG_YN,DEL_YN,CREATE_DT,CREATER,UPDATE_DT,UPDATER,CSTM_YN,DEPART_CD,USE_YN) VALUES ('464','392','3.기타',2,'N','Y',TIMESTAMP '2019-12-02 10:20:58.000000','9000000002',TIMESTAMP '2019-12-02 10:21:02.000000','9000000002',NULL,'CS','Y');
INSERT INTO TB_CTG_INFO (CTG_NUM,UPPER_CTG_NUM,CTG_NM,CTG_DPT,DFT_CTG_YN,DEL_YN,CREATE_DT,CREATER,UPDATE_DT,UPDATER,CSTM_YN,DEPART_CD,USE_YN) VALUES ('487','0','1. 장기보험',1,'N','Y',TIMESTAMP '2019-12-03 15:33:57.000000','1999999991',TIMESTAMP '2019-12-03 15:34:05.000000','1999999991',NULL,'CS','Y');
INSERT INTO TB_CTG_INFO (CTG_NUM,UPPER_CTG_NUM,CTG_NM,CTG_DPT,DFT_CTG_YN,DEL_YN,CREATE_DT,CREATER,UPDATE_DT,UPDATER,CSTM_YN,DEPART_CD,USE_YN) VALUES ('522','0','asdfsadfasdfas',1,'N','Y',TIMESTAMP '2019-12-11 11:27:52.000000','1999999991',TIMESTAMP '2019-12-11 11:29:02.000000','1999999991',NULL,'CS','Y');
INSERT INTO TB_CTG_INFO (CTG_NUM,UPPER_CTG_NUM,CTG_NM,CTG_DPT,DFT_CTG_YN,DEL_YN,CREATE_DT,CREATER,UPDATE_DT,UPDATER,CSTM_YN,DEPART_CD,USE_YN) VALUES ('541','0','dasd',1,'N','Y',TIMESTAMP '2019-12-12 14:32:31.000000','1999999991',TIMESTAMP '2019-12-12 14:33:21.000000','1999999991',NULL,'CS','N');
INSERT INTO TB_CTG_INFO (CTG_NUM,UPPER_CTG_NUM,CTG_NM,CTG_DPT,DFT_CTG_YN,DEL_YN,CREATE_DT,CREATER,UPDATE_DT,UPDATER,CSTM_YN,DEPART_CD,USE_YN) VALUES ('547','0','asdfas',1,'N','Y',TIMESTAMP '2019-12-12 14:35:56.000000','1999999991',TIMESTAMP '2019-12-12 14:36:02.000000','1999999991',NULL,'CS','N');
INSERT INTO TB_CTG_INFO (CTG_NUM,UPPER_CTG_NUM,CTG_NM,CTG_DPT,DFT_CTG_YN,DEL_YN,CREATE_DT,CREATER,UPDATE_DT,UPDATER,CSTM_YN,DEPART_CD,USE_YN) VALUES ('548','547','asdfasd',2,'N','N',TIMESTAMP '2019-12-12 14:35:59.000000','1999999991',TIMESTAMP '2019-12-12 14:35:59.000000','1999999991',NULL,'CS','N');
INSERT INTO TB_CTG_INFO (CTG_NUM,UPPER_CTG_NUM,CTG_NM,CTG_DPT,DFT_CTG_YN,DEL_YN,CREATE_DT,CREATER,UPDATE_DT,UPDATER,CSTM_YN,DEPART_CD,USE_YN) VALUES ('550','0','asd',1,'N','Y',TIMESTAMP '2019-12-12 14:39:55.000000','1999999991',TIMESTAMP '2019-12-12 14:39:59.000000','1999999991',NULL,'CS','Y');
INSERT INTO TB_CTG_INFO (CTG_NUM,UPPER_CTG_NUM,CTG_NM,CTG_DPT,DFT_CTG_YN,DEL_YN,CREATE_DT,CREATER,UPDATE_DT,UPDATER,CSTM_YN,DEPART_CD,USE_YN) VALUES ('551','0','adfa',1,'N','Y',TIMESTAMP '2019-12-12 14:40:16.000000','1999999991',TIMESTAMP '2019-12-12 14:40:21.000000','1999999991',NULL,'CS','Y');
INSERT INTO TB_CTG_INFO (CTG_NUM,UPPER_CTG_NUM,CTG_NM,CTG_DPT,DFT_CTG_YN,DEL_YN,CREATE_DT,CREATER,UPDATE_DT,UPDATER,CSTM_YN,DEPART_CD,USE_YN) VALUES ('562','0','테스트분류',1,'N','Y',TIMESTAMP '2019-12-13 16:02:45.000000','1999999991',TIMESTAMP '2019-12-13 16:02:51.000000','1999999991',NULL,'CS','N');
INSERT INTO TB_CTG_INFO (CTG_NUM,UPPER_CTG_NUM,CTG_NM,CTG_DPT,DFT_CTG_YN,DEL_YN,CREATE_DT,CREATER,UPDATE_DT,UPDATER,CSTM_YN,DEPART_CD,USE_YN) VALUES ('565','0','ㄴㅇㄻㄴㅇㄹㄴㅁㄹㅇㄹㄴㅁㅇ',1,'N','Y',TIMESTAMP '2019-12-13 16:03:27.000000','1999999991',TIMESTAMP '2019-12-13 16:03:43.000000','1999999991',NULL,'CS','N');
INSERT INTO TB_CTG_INFO (CTG_NUM,UPPER_CTG_NUM,CTG_NM,CTG_DPT,DFT_CTG_YN,DEL_YN,CREATE_DT,CREATER,UPDATE_DT,UPDATER,CSTM_YN,DEPART_CD,USE_YN) VALUES ('566','0','1. 장기보험',1,'N','Y',TIMESTAMP '2019-12-13 16:08:04.000000','1999999991',TIMESTAMP '2019-12-13 16:09:52.000000','1999999991',NULL,'CS','N');
INSERT INTO TB_CTG_INFO (CTG_NUM,UPPER_CTG_NUM,CTG_NM,CTG_DPT,DFT_CTG_YN,DEL_YN,CREATE_DT,CREATER,UPDATE_DT,UPDATER,CSTM_YN,DEPART_CD,USE_YN) VALUES ('602','0','테스트2',1,'N','Y',TIMESTAMP '2019-12-17 18:05:54.000000','1999999991',TIMESTAMP '2019-12-18 11:17:12.000000','1999999991',NULL,'CS','Y');
INSERT INTO TB_CTG_INFO (CTG_NUM,UPPER_CTG_NUM,CTG_NM,CTG_DPT,DFT_CTG_YN,DEL_YN,CREATE_DT,CREATER,UPDATE_DT,UPDATER,CSTM_YN,DEPART_CD,USE_YN) VALUES ('622','396','4.휴면보험금신청',3,'N','N',TIMESTAMP '2019-12-19 13:36:02.000000','1999999991',TIMESTAMP '2019-12-19 13:36:02.000000','1999999991',NULL,'CS','N');
INSERT INTO TB_CTG_INFO (CTG_NUM,UPPER_CTG_NUM,CTG_NM,CTG_DPT,DFT_CTG_YN,DEL_YN,CREATE_DT,CREATER,UPDATE_DT,UPDATER,CSTM_YN,DEPART_CD,USE_YN) VALUES ('641','388','4.해지/환급',2,'N','Y',TIMESTAMP '2019-12-24 14:11:51.000000','1999999991',TIMESTAMP '2019-12-24 14:12:22.000000','1999999991',NULL,'CS','N');
INSERT INTO TB_CTG_INFO (CTG_NUM,UPPER_CTG_NUM,CTG_NM,CTG_DPT,DFT_CTG_YN,DEL_YN,CREATE_DT,CREATER,UPDATE_DT,UPDATER,CSTM_YN,DEPART_CD,USE_YN) VALUES ('642','388','3. 보험료수납',2,'N','N',TIMESTAMP '2019-12-24 14:12:15.000000','1999999991',TIMESTAMP '2019-12-24 14:12:15.000000','1999999991',NULL,'CS','N');
INSERT INTO TB_CTG_INFO (CTG_NUM,UPPER_CTG_NUM,CTG_NM,CTG_DPT,DFT_CTG_YN,DEL_YN,CREATE_DT,CREATER,UPDATE_DT,UPDATER,CSTM_YN,DEPART_CD,USE_YN) VALUES ('643','642','가상계좌발급',3,'N','N',TIMESTAMP '2019-12-24 14:12:33.000000','1999999991',TIMESTAMP '2019-12-24 14:12:33.000000','1999999991',NULL,'CS','N');
INSERT INTO TB_CTG_INFO (CTG_NUM,UPPER_CTG_NUM,CTG_NM,CTG_DPT,DFT_CTG_YN,DEL_YN,CREATE_DT,CREATER,UPDATE_DT,UPDATER,CSTM_YN,DEPART_CD,USE_YN) VALUES ('661','0','test',1,'N','N',TIMESTAMP '2019-12-27 20:21:40.000000','1999999991',TIMESTAMP '2019-12-27 20:21:56.000000','1999999991',NULL,'TM','N');
INSERT INTO TB_CTG_INFO (CTG_NUM,UPPER_CTG_NUM,CTG_NM,CTG_DPT,DFT_CTG_YN,DEL_YN,CREATE_DT,CREATER,UPDATE_DT,UPDATER,CSTM_YN,DEPART_CD,USE_YN) VALUES ('286','285','계약조회 해지',3,'N','Y',TIMESTAMP '2019-11-22 10:29:28.000000','1000000002',TIMESTAMP '2019-11-22 10:29:49.000000','1000000002',NULL,'CS','Y');
INSERT INTO TB_CTG_INFO (CTG_NUM,UPPER_CTG_NUM,CTG_NM,CTG_DPT,DFT_CTG_YN,DEL_YN,CREATE_DT,CREATER,UPDATE_DT,UPDATER,CSTM_YN,DEPART_CD,USE_YN) VALUES ('287','22','자동차보험',2,'N','N',TIMESTAMP '2019-11-22 11:54:29.000000','1000000002',TIMESTAMP '2019-11-29 09:12:29.000000','1000000002',NULL,'CS','Y');
INSERT INTO TB_CTG_INFO (CTG_NUM,UPPER_CTG_NUM,CTG_NM,CTG_DPT,DFT_CTG_YN,DEL_YN,CREATE_DT,CREATER,UPDATE_DT,UPDATER,CSTM_YN,DEPART_CD,USE_YN) VALUES ('289','202','자동차',3,'N','N',TIMESTAMP '2019-11-22 11:54:56.000000','1000000002',TIMESTAMP '2019-11-22 11:54:56.000000','1000000002',NULL,'TM','Y');
INSERT INTO TB_CTG_INFO (CTG_NUM,UPPER_CTG_NUM,CTG_NM,CTG_DPT,DFT_CTG_YN,DEL_YN,CREATE_DT,CREATER,UPDATE_DT,UPDATER,CSTM_YN,DEPART_CD,USE_YN) VALUES ('301','0','CS',1,'N','Y',TIMESTAMP '2019-11-26 09:40:34.000000','1000000002',TIMESTAMP '2019-11-26 16:13:14.000000','1000000002',NULL,'CS','Y');
INSERT INTO TB_CTG_INFO (CTG_NUM,UPPER_CTG_NUM,CTG_NM,CTG_DPT,DFT_CTG_YN,DEL_YN,CREATE_DT,CREATER,UPDATE_DT,UPDATER,CSTM_YN,DEPART_CD,USE_YN) VALUES ('303','302','테스트중',2,'N','N',TIMESTAMP '2019-11-26 09:40:57.000000','1000000002',TIMESTAMP '2019-11-26 09:40:57.000000','1000000002',NULL,'CS','Y');
INSERT INTO TB_CTG_INFO (CTG_NUM,UPPER_CTG_NUM,CTG_NM,CTG_DPT,DFT_CTG_YN,DEL_YN,CREATE_DT,CREATER,UPDATE_DT,UPDATER,CSTM_YN,DEPART_CD,USE_YN) VALUES ('304','303','테스트소1',3,'N','N',TIMESTAMP '2019-11-26 09:41:05.000000','1000000002',TIMESTAMP '2019-11-26 09:41:05.000000','1000000002',NULL,'CS','Y');
INSERT INTO TB_CTG_INFO (CTG_NUM,UPPER_CTG_NUM,CTG_NM,CTG_DPT,DFT_CTG_YN,DEL_YN,CREATE_DT,CREATER,UPDATE_DT,UPDATER,CSTM_YN,DEPART_CD,USE_YN) VALUES ('322','321','tmcs중',2,'N','N',TIMESTAMP '2019-11-28 13:19:13.000000','1000000002',TIMESTAMP '2019-11-28 13:19:13.000000','1000000002',NULL,'CS','Y');
INSERT INTO TB_CTG_INFO (CTG_NUM,UPPER_CTG_NUM,CTG_NM,CTG_DPT,DFT_CTG_YN,DEL_YN,CREATE_DT,CREATER,UPDATE_DT,UPDATER,CSTM_YN,DEPART_CD,USE_YN) VALUES ('523','0','다시등록',1,'N','Y',TIMESTAMP '2019-12-11 11:28:42.000000','1999999991',TIMESTAMP '2019-12-11 11:29:00.000000','1999999991',NULL,'CS','Y');
INSERT INTO TB_CTG_INFO (CTG_NUM,UPPER_CTG_NUM,CTG_NM,CTG_DPT,DFT_CTG_YN,DEL_YN,CREATE_DT,CREATER,UPDATE_DT,UPDATER,CSTM_YN,DEPART_CD,USE_YN) VALUES ('521','0','dsafasdfadsf',1,'N','Y',TIMESTAMP '2019-12-11 11:27:19.000000','1999999991',TIMESTAMP '2019-12-11 11:29:01.000000','1999999991',NULL,'CS','N');
INSERT INTO TB_CTG_INFO (CTG_NUM,UPPER_CTG_NUM,CTG_NM,CTG_DPT,DFT_CTG_YN,DEL_YN,CREATE_DT,CREATER,UPDATE_DT,UPDATER,CSTM_YN,DEPART_CD,USE_YN) VALUES ('524','0','cstest',1,'N','Y',TIMESTAMP '2019-12-11 18:12:52.000000','1999999991',TIMESTAMP '2019-12-11 18:20:57.000000','1999999991',NULL,'CS','N');
INSERT INTO TB_CTG_INFO (CTG_NUM,UPPER_CTG_NUM,CTG_NM,CTG_DPT,DFT_CTG_YN,DEL_YN,CREATE_DT,CREATER,UPDATE_DT,UPDATER,CSTM_YN,DEPART_CD,USE_YN) VALUES ('525','0','cstttttt',1,'N','Y',TIMESTAMP '2019-12-11 18:21:06.000000','1999999991',TIMESTAMP '2019-12-11 18:23:08.000000','1999999991',NULL,'CS','Y');
INSERT INTO TB_CTG_INFO (CTG_NUM,UPPER_CTG_NUM,CTG_NM,CTG_DPT,DFT_CTG_YN,DEL_YN,CREATE_DT,CREATER,UPDATE_DT,UPDATER,CSTM_YN,DEPART_CD,USE_YN) VALUES ('526','0','csbbbbnnnn',1,'N','Y',TIMESTAMP '2019-12-11 18:23:15.000000','1999999991',TIMESTAMP '2019-12-11 18:23:35.000000','1999999991',NULL,'CS','Y');
INSERT INTO TB_CTG_INFO (CTG_NUM,UPPER_CTG_NUM,CTG_NM,CTG_DPT,DFT_CTG_YN,DEL_YN,CREATE_DT,CREATER,UPDATE_DT,UPDATER,CSTM_YN,DEPART_CD,USE_YN) VALUES ('527','0','csnnnyest',1,'N','Y',TIMESTAMP '2019-12-11 18:23:26.000000','1999999991',TIMESTAMP '2019-12-11 18:23:39.000000','1999999991',NULL,'CS','N');
INSERT INTO TB_CTG_INFO (CTG_NUM,UPPER_CTG_NUM,CTG_NM,CTG_DPT,DFT_CTG_YN,DEL_YN,CREATE_DT,CREATER,UPDATE_DT,UPDATER,CSTM_YN,DEPART_CD,USE_YN) VALUES ('528','0','ctesttbbbb',1,'N','Y',TIMESTAMP '2019-12-11 18:23:49.000000','1999999991',TIMESTAMP '2019-12-11 18:28:49.000000','1999999991',NULL,'CS','Y');
INSERT INTO TB_CTG_INFO (CTG_NUM,UPPER_CTG_NUM,CTG_NM,CTG_DPT,DFT_CTG_YN,DEL_YN,CREATE_DT,CREATER,UPDATE_DT,UPDATER,CSTM_YN,DEPART_CD,USE_YN) VALUES ('529','0','cteabbbnnmm',1,'N','Y',TIMESTAMP '2019-12-11 18:28:57.000000','1999999991',TIMESTAMP '2019-12-11 18:29:02.000000','1999999991',NULL,'CS','N');
INSERT INTO TB_CTG_INFO (CTG_NUM,UPPER_CTG_NUM,CTG_NM,CTG_DPT,DFT_CTG_YN,DEL_YN,CREATE_DT,CREATER,UPDATE_DT,UPDATER,CSTM_YN,DEPART_CD,USE_YN) VALUES ('546','0','5. 증명서발급',1,'N','Y',TIMESTAMP '2019-12-12 14:33:37.000000','1999999991',TIMESTAMP '2019-12-12 14:33:41.000000','1999999991',NULL,'CS','N');
INSERT INTO TB_CTG_INFO (CTG_NUM,UPPER_CTG_NUM,CTG_NM,CTG_DPT,DFT_CTG_YN,DEL_YN,CREATE_DT,CREATER,UPDATE_DT,UPDATER,CSTM_YN,DEPART_CD,USE_YN) VALUES ('186','182','TM 소분류13',3,'N','N',TIMESTAMP '2019-10-29 18:52:07.000000','1000000001',TIMESTAMP '2019-10-29 18:52:07.000000','1000000001',NULL,'TM','Y');
INSERT INTO TB_CTG_INFO (CTG_NUM,UPPER_CTG_NUM,CTG_NM,CTG_DPT,DFT_CTG_YN,DEL_YN,CREATE_DT,CREATER,UPDATE_DT,UPDATER,CSTM_YN,DEPART_CD,USE_YN) VALUES ('323','0','12345',1,'N','Y',TIMESTAMP '2019-11-28 13:26:40.000000','1000000002',TIMESTAMP '2019-11-28 13:28:04.000000','1000000002',NULL,'CS','Y');
INSERT INTO TB_CTG_INFO (CTG_NUM,UPPER_CTG_NUM,CTG_NM,CTG_DPT,DFT_CTG_YN,DEL_YN,CREATE_DT,CREATER,UPDATE_DT,UPDATER,CSTM_YN,DEPART_CD,USE_YN) VALUES ('326','0','1234',1,'N','Y',TIMESTAMP '2019-11-28 13:33:37.000000','1000000002',TIMESTAMP '2019-11-28 13:33:50.000000','1000000002',NULL,'CS','Y');
INSERT INTO TB_CTG_INFO (CTG_NUM,UPPER_CTG_NUM,CTG_NM,CTG_DPT,DFT_CTG_YN,DEL_YN,CREATE_DT,CREATER,UPDATE_DT,UPDATER,CSTM_YN,DEPART_CD,USE_YN) VALUES ('327','0','1111',1,'N','Y',TIMESTAMP '2019-11-28 13:34:53.000000','1000000002',TIMESTAMP '2019-11-28 13:35:37.000000','1000000002',NULL,'CS','Y');
INSERT INTO TB_CTG_INFO (CTG_NUM,UPPER_CTG_NUM,CTG_NM,CTG_DPT,DFT_CTG_YN,DEL_YN,CREATE_DT,CREATER,UPDATE_DT,UPDATER,CSTM_YN,DEPART_CD,USE_YN) VALUES ('328','0','1234',1,'N','Y',TIMESTAMP '2019-11-28 13:36:49.000000','1000000002',TIMESTAMP '2019-11-28 13:46:53.000000','1000000002',NULL,'CS','Y');
INSERT INTO TB_CTG_INFO (CTG_NUM,UPPER_CTG_NUM,CTG_NM,CTG_DPT,DFT_CTG_YN,DEL_YN,CREATE_DT,CREATER,UPDATE_DT,UPDATER,CSTM_YN,DEPART_CD,USE_YN) VALUES ('329','0','1234',1,'N','Y',TIMESTAMP '2019-11-28 13:48:26.000000','1000000002',TIMESTAMP '2019-11-29 18:31:47.000000','9000000002',NULL,'CS','Y');
INSERT INTO TB_CTG_INFO (CTG_NUM,UPPER_CTG_NUM,CTG_NM,CTG_DPT,DFT_CTG_YN,DEL_YN,CREATE_DT,CREATER,UPDATE_DT,UPDATER,CSTM_YN,DEPART_CD,USE_YN) VALUES ('343','22','대출',2,'N','N',TIMESTAMP '2019-11-29 09:12:35.000000','1000000002',TIMESTAMP '2019-11-29 09:12:35.000000','1000000002',NULL,'CS','Y');
INSERT INTO TB_CTG_INFO (CTG_NUM,UPPER_CTG_NUM,CTG_NM,CTG_DPT,DFT_CTG_YN,DEL_YN,CREATE_DT,CREATER,UPDATE_DT,UPDATER,CSTM_YN,DEPART_CD,USE_YN) VALUES ('344','22','장기보험',2,'N','N',TIMESTAMP '2019-11-29 09:12:44.000000','1000000002',TIMESTAMP '2019-11-29 09:12:44.000000','1000000002',NULL,'CS','Y');
INSERT INTO TB_CTG_INFO (CTG_NUM,UPPER_CTG_NUM,CTG_NM,CTG_DPT,DFT_CTG_YN,DEL_YN,CREATE_DT,CREATER,UPDATE_DT,UPDATER,CSTM_YN,DEPART_CD,USE_YN) VALUES ('347','344','보험료납입',3,'N','N',TIMESTAMP '2019-11-29 09:13:17.000000','1000000002',TIMESTAMP '2019-11-29 09:13:17.000000','1000000002',NULL,'CS','Y');
INSERT INTO TB_CTG_INFO (CTG_NUM,UPPER_CTG_NUM,CTG_NM,CTG_DPT,DFT_CTG_YN,DEL_YN,CREATE_DT,CREATER,UPDATE_DT,UPDATER,CSTM_YN,DEPART_CD,USE_YN) VALUES ('351','287','게약변경',3,'N','N',TIMESTAMP '2019-11-29 09:14:12.000000','1000000002',TIMESTAMP '2019-11-29 09:14:12.000000','1000000002',NULL,'CS','Y');
INSERT INTO TB_CTG_INFO (CTG_NUM,UPPER_CTG_NUM,CTG_NM,CTG_DPT,DFT_CTG_YN,DEL_YN,CREATE_DT,CREATER,UPDATE_DT,UPDATER,CSTM_YN,DEPART_CD,USE_YN) VALUES ('352','61','장기보험',3,'N','N',TIMESTAMP '2019-11-29 09:14:23.000000','1000000002',TIMESTAMP '2019-11-29 09:14:23.000000','1000000002',NULL,'CS','Y');
INSERT INTO TB_CTG_INFO (CTG_NUM,UPPER_CTG_NUM,CTG_NM,CTG_DPT,DFT_CTG_YN,DEL_YN,CREATE_DT,CREATER,UPDATE_DT,UPDATER,CSTM_YN,DEPART_CD,USE_YN) VALUES ('353','27','계약',3,'N','N',TIMESTAMP '2019-11-29 09:14:53.000000','1000000002',TIMESTAMP '2019-11-29 09:14:53.000000','1000000002',NULL,'CS','Y');
INSERT INTO TB_CTG_INFO (CTG_NUM,UPPER_CTG_NUM,CTG_NM,CTG_DPT,DFT_CTG_YN,DEL_YN,CREATE_DT,CREATER,UPDATE_DT,UPDATER,CSTM_YN,DEPART_CD,USE_YN) VALUES ('354','27','대출',3,'N','N',TIMESTAMP '2019-11-29 09:14:57.000000','1000000002',TIMESTAMP '2019-11-29 09:14:57.000000','1000000002',NULL,'CS','Y');
INSERT INTO TB_CTG_INFO (CTG_NUM,UPPER_CTG_NUM,CTG_NM,CTG_DPT,DFT_CTG_YN,DEL_YN,CREATE_DT,CREATER,UPDATE_DT,UPDATER,CSTM_YN,DEPART_CD,USE_YN) VALUES ('358','0','증명서발급',1,'N','Y',TIMESTAMP '2019-11-29 18:35:25.000000','9000000002',TIMESTAMP '2019-12-02 10:08:05.000000','9000000002',NULL,'CS','Y');
INSERT INTO TB_CTG_INFO (CTG_NUM,UPPER_CTG_NUM,CTG_NM,CTG_DPT,DFT_CTG_YN,DEL_YN,CREATE_DT,CREATER,UPDATE_DT,UPDATER,CSTM_YN,DEPART_CD,USE_YN) VALUES ('359','0','보험금청구',1,'N','Y',TIMESTAMP '2019-11-29 18:35:30.000000','9000000002',TIMESTAMP '2019-12-02 10:08:00.000000','9000000002',NULL,'CS','Y');
INSERT INTO TB_CTG_INFO (CTG_NUM,UPPER_CTG_NUM,CTG_NM,CTG_DPT,DFT_CTG_YN,DEL_YN,CREATE_DT,CREATER,UPDATE_DT,UPDATER,CSTM_YN,DEPART_CD,USE_YN) VALUES ('360','0','자동차보험',1,'N','Y',TIMESTAMP '2019-11-29 18:35:40.000000','9000000002',TIMESTAMP '2019-12-02 10:08:02.000000','9000000002',NULL,'CS','Y');
INSERT INTO TB_CTG_INFO (CTG_NUM,UPPER_CTG_NUM,CTG_NM,CTG_DPT,DFT_CTG_YN,DEL_YN,CREATE_DT,CREATER,UPDATE_DT,UPDATER,CSTM_YN,DEPART_CD,USE_YN) VALUES ('364','362','계약변경',2,'N','N',TIMESTAMP '2019-11-29 18:36:13.000000','9000000002',TIMESTAMP '2019-11-29 18:36:13.000000','9000000002',NULL,'CS','Y');
INSERT INTO TB_CTG_INFO (CTG_NUM,UPPER_CTG_NUM,CTG_NM,CTG_DPT,DFT_CTG_YN,DEL_YN,CREATE_DT,CREATER,UPDATE_DT,UPDATER,CSTM_YN,DEPART_CD,USE_YN) VALUES ('367','361','계약대출',2,'N','N',TIMESTAMP '2019-11-29 18:36:50.000000','9000000002',TIMESTAMP '2019-11-29 18:36:50.000000','9000000002',NULL,'CS','Y');
INSERT INTO TB_CTG_INFO (CTG_NUM,UPPER_CTG_NUM,CTG_NM,CTG_DPT,DFT_CTG_YN,DEL_YN,CREATE_DT,CREATER,UPDATE_DT,UPDATER,CSTM_YN,DEPART_CD,USE_YN) VALUES ('368','361','신용대출',2,'N','N',TIMESTAMP '2019-11-29 18:36:54.000000','9000000002',TIMESTAMP '2019-11-29 18:36:54.000000','9000000002',NULL,'CS','Y');
INSERT INTO TB_CTG_INFO (CTG_NUM,UPPER_CTG_NUM,CTG_NM,CTG_DPT,DFT_CTG_YN,DEL_YN,CREATE_DT,CREATER,UPDATE_DT,UPDATER,CSTM_YN,DEPART_CD,USE_YN) VALUES ('369','360','계약조회',2,'N','N',TIMESTAMP '2019-11-29 18:37:07.000000','9000000002',TIMESTAMP '2019-11-29 18:37:07.000000','9000000002',NULL,'CS','Y');
INSERT INTO TB_CTG_INFO (CTG_NUM,UPPER_CTG_NUM,CTG_NM,CTG_DPT,DFT_CTG_YN,DEL_YN,CREATE_DT,CREATER,UPDATE_DT,UPDATER,CSTM_YN,DEPART_CD,USE_YN) VALUES ('370','360','계약변경',2,'N','N',TIMESTAMP '2019-11-29 18:37:13.000000','9000000002',TIMESTAMP '2019-11-29 18:37:13.000000','9000000002',NULL,'CS','Y');
INSERT INTO TB_CTG_INFO (CTG_NUM,UPPER_CTG_NUM,CTG_NM,CTG_DPT,DFT_CTG_YN,DEL_YN,CREATE_DT,CREATER,UPDATE_DT,UPDATER,CSTM_YN,DEPART_CD,USE_YN) VALUES ('374','358','계약관련',2,'N','N',TIMESTAMP '2019-11-29 18:37:48.000000','9000000002',TIMESTAMP '2019-11-29 18:37:48.000000','9000000002',NULL,'CS','Y');
INSERT INTO TB_CTG_INFO (CTG_NUM,UPPER_CTG_NUM,CTG_NM,CTG_DPT,DFT_CTG_YN,DEL_YN,CREATE_DT,CREATER,UPDATE_DT,UPDATER,CSTM_YN,DEPART_CD,USE_YN) VALUES ('375','358','대출관련',2,'N','N',TIMESTAMP '2019-11-29 18:37:53.000000','9000000002',TIMESTAMP '2019-11-29 18:37:53.000000','9000000002',NULL,'CS','Y');
INSERT INTO TB_CTG_INFO (CTG_NUM,UPPER_CTG_NUM,CTG_NM,CTG_DPT,DFT_CTG_YN,DEL_YN,CREATE_DT,CREATER,UPDATE_DT,UPDATER,CSTM_YN,DEPART_CD,USE_YN) VALUES ('376','358','기타서류',2,'N','N',TIMESTAMP '2019-11-29 18:37:58.000000','9000000002',TIMESTAMP '2019-11-29 18:37:58.000000','9000000002',NULL,'CS','Y');
INSERT INTO TB_CTG_INFO (CTG_NUM,UPPER_CTG_NUM,CTG_NM,CTG_DPT,DFT_CTG_YN,DEL_YN,CREATE_DT,CREATER,UPDATE_DT,UPDATER,CSTM_YN,DEPART_CD,USE_YN) VALUES ('467','392','test1',2,'N','N',TIMESTAMP '2019-12-02 12:28:31.000000','9000000002',TIMESTAMP '2019-12-02 12:28:31.000000','9000000002',NULL,'CS','Y');
INSERT INTO TB_CTG_INFO (CTG_NUM,UPPER_CTG_NUM,CTG_NM,CTG_DPT,DFT_CTG_YN,DEL_YN,CREATE_DT,CREATER,UPDATE_DT,UPDATER,CSTM_YN,DEPART_CD,USE_YN) VALUES ('468','467','test3',3,'N','N',TIMESTAMP '2019-12-02 12:28:44.000000','9000000002',TIMESTAMP '2019-12-02 12:28:44.000000','9000000002',NULL,'CS','Y');
INSERT INTO TB_CTG_INFO (CTG_NUM,UPPER_CTG_NUM,CTG_NM,CTG_DPT,DFT_CTG_YN,DEL_YN,CREATE_DT,CREATER,UPDATE_DT,UPDATER,CSTM_YN,DEPART_CD,USE_YN) VALUES ('469','0','1234',1,'N','Y',TIMESTAMP '2019-12-02 12:30:26.000000','9000000002',TIMESTAMP '2019-12-02 12:31:06.000000','9000000002',NULL,'CS','Y');
INSERT INTO TB_CTG_INFO (CTG_NUM,UPPER_CTG_NUM,CTG_NM,CTG_DPT,DFT_CTG_YN,DEL_YN,CREATE_DT,CREATER,UPDATE_DT,UPDATER,CSTM_YN,DEPART_CD,USE_YN) VALUES ('470','469','1234',2,'N','Y',TIMESTAMP '2019-12-02 12:30:48.000000','9000000002',TIMESTAMP '2019-12-02 12:30:59.000000','9000000002',NULL,'CS','Y');
INSERT INTO TB_CTG_INFO (CTG_NUM,UPPER_CTG_NUM,CTG_NM,CTG_DPT,DFT_CTG_YN,DEL_YN,CREATE_DT,CREATER,UPDATE_DT,UPDATER,CSTM_YN,DEPART_CD,USE_YN) VALUES ('471','470','1234',3,'N','N',TIMESTAMP '2019-12-02 12:30:53.000000','9000000002',TIMESTAMP '2019-12-02 12:30:53.000000','9000000002',NULL,'CS','Y');
INSERT INTO TB_CTG_INFO (CTG_NUM,UPPER_CTG_NUM,CTG_NM,CTG_DPT,DFT_CTG_YN,DEL_YN,CREATE_DT,CREATER,UPDATE_DT,UPDATER,CSTM_YN,DEPART_CD,USE_YN) VALUES ('549','0','ad',1,'N','Y',TIMESTAMP '2019-12-12 14:39:51.000000','1999999991',TIMESTAMP '2019-12-12 14:39:53.000000','1999999991',NULL,'CS','N');
INSERT INTO TB_CTG_INFO (CTG_NUM,UPPER_CTG_NUM,CTG_NM,CTG_DPT,DFT_CTG_YN,DEL_YN,CREATE_DT,CREATER,UPDATE_DT,UPDATER,CSTM_YN,DEPART_CD,USE_YN) VALUES ('601','0','테스트',1,'N','Y',TIMESTAMP '2019-12-17 17:27:43.000000','1999999991',TIMESTAMP '2019-12-18 11:16:41.000000','1999999991',NULL,'CS','Y');

INSERT INTO TB_MEMBER_INFO (MEMBER_UID,ID,NAME,PWD,PWD_CHNG_DT,EMAIL,TEL,MEMBER_IMG_URL,MEMBER_DIV_CD,UPPER_MEMBER_UID,COC_ID,CNS_POSSIBLE_YN,LEAVE_YN,VALID_YN,DEPART_CD,DEPART_NM,CREATE_DT,CREATER,UPDATE_DT,UPDATER,MEMBER_GROUP_DIV_CD,CNSR_MAX_CNT,PWD2,PWD3,LOGIN_UPDATE_DT,LOGIN_FAIL_CNT,LINK_IP,PREV_LOGIN_DT,PREV_LINK_IP,LOGIN_DT) VALUES ('1000000161','00011343','박종호','7fbf70210cf803f5da51234a9aa22b003ca2e371bc3eae02d65f0e64ed755864',TIMESTAMP '2019-12-11 16:44:52.000000',NULL,NULL,NULL,'C','1000000002','00011343','Y','N','Y','CS','CS팀',TIMESTAMP '2019-11-22 10:52:16.000000','1000000002',TIMESTAMP '2020-01-02 14:14:21.000000','1999999991',NULL,5,'e0e5b62fb4473b2e4e91b4ee509e42f00020da202e8d03ac92a390a60e78ddcd','e0e5b62fb4473b2e4e91b4ee509e42f00020da202e8d03ac92a390a60e78ddcd',TIMESTAMP '2019-12-24 16:38:48.000000',0,'10.11.110.67',TIMESTAMP '2020-01-03 13:20:23.000000','125.132.3.169',TIMESTAMP '2020-01-03 13:56:38.000000');
INSERT INTO TB_MEMBER_INFO (MEMBER_UID,ID,NAME,PWD,PWD_CHNG_DT,EMAIL,TEL,MEMBER_IMG_URL,MEMBER_DIV_CD,UPPER_MEMBER_UID,COC_ID,CNS_POSSIBLE_YN,LEAVE_YN,VALID_YN,DEPART_CD,DEPART_NM,CREATE_DT,CREATER,UPDATE_DT,UPDATER,MEMBER_GROUP_DIV_CD,CNSR_MAX_CNT,PWD2,PWD3,LOGIN_UPDATE_DT,LOGIN_FAIL_CNT,LINK_IP,PREV_LOGIN_DT,PREV_LINK_IP,LOGIN_DT) VALUES ('1000000181','00007349','양준호','7fbf70210cf803f5da51234a9aa22b003ca2e371bc3eae02d65f0e64ed755864',TIMESTAMP '2019-12-27 09:29:44.000000',NULL,NULL,NULL,'C','1000000002','00007349','Y','N','Y','CS','CS팀',TIMESTAMP '2019-11-28 11:25:30.000000','1000000002',TIMESTAMP '2019-12-31 12:41:20.000000','1000000002',NULL,5,'0d421d277acf999e0d0b7481147730af1a5c7d1930bc7edd17b5d8a99b3f3612','e3b0c44298fc1c149afbf4c8996fb92427ae41e4649b934ca495991b7852b855',TIMESTAMP '2019-12-24 15:25:51.000000',0,'10.170.100.68',TIMESTAMP '2020-01-03 09:53:02.000000','10.170.100.68',TIMESTAMP '2020-01-03 11:25:34.000000');
INSERT INTO TB_MEMBER_INFO (MEMBER_UID,ID,NAME,PWD,PWD_CHNG_DT,EMAIL,TEL,MEMBER_IMG_URL,MEMBER_DIV_CD,UPPER_MEMBER_UID,COC_ID,CNS_POSSIBLE_YN,LEAVE_YN,VALID_YN,DEPART_CD,DEPART_NM,CREATE_DT,CREATER,UPDATE_DT,UPDATER,MEMBER_GROUP_DIV_CD,CNSR_MAX_CNT,PWD2,PWD3,LOGIN_UPDATE_DT,LOGIN_FAIL_CNT,LINK_IP,PREV_LOGIN_DT,PREV_LINK_IP,LOGIN_DT) VALUES ('1000000322','00002374','김문희','7fbf70210cf803f5da51234a9aa22b003ca2e371bc3eae02d65f0e64ed755864',TIMESTAMP '2019-12-16 17:05:01.000000',NULL,NULL,NULL,'C','1000000002','00002374','Y','N','Y','CS','CS팀',TIMESTAMP '2019-12-16 17:04:18.000000','1999999991',TIMESTAMP '2019-12-31 15:18:08.000000','1999999991',NULL,3,'e3ce60d6ab736cd6123a9e624c187b7f7251d5b30c4b98fd8591be4459d5d1db',NULL,TIMESTAMP '2019-12-16 17:05:07.000000',0,NULL,NULL,NULL,NULL);
INSERT INTO TB_MEMBER_INFO (MEMBER_UID,ID,NAME,PWD,PWD_CHNG_DT,EMAIL,TEL,MEMBER_IMG_URL,MEMBER_DIV_CD,UPPER_MEMBER_UID,COC_ID,CNS_POSSIBLE_YN,LEAVE_YN,VALID_YN,DEPART_CD,DEPART_NM,CREATE_DT,CREATER,UPDATE_DT,UPDATER,MEMBER_GROUP_DIV_CD,CNSR_MAX_CNT,PWD2,PWD3,LOGIN_UPDATE_DT,LOGIN_FAIL_CNT,LINK_IP,PREV_LOGIN_DT,PREV_LINK_IP,LOGIN_DT) VALUES ('1000000341','00001634','김난영','c3c76cb8ba16de7a03de6d3d4e2a4d135d33b6c1002446a97d42a232c609bb68',NULL,NULL,NULL,NULL,'C','1000000002','00001634','Y','Y','Y','CS','CS팀',TIMESTAMP '2019-12-20 15:13:20.000000','1999999991',TIMESTAMP '2019-12-23 09:37:04.000000','1999999991',NULL,10,NULL,NULL,NULL,0,NULL,NULL,NULL,NULL);
INSERT INTO TB_MEMBER_INFO (MEMBER_UID,ID,NAME,PWD,PWD_CHNG_DT,EMAIL,TEL,MEMBER_IMG_URL,MEMBER_DIV_CD,UPPER_MEMBER_UID,COC_ID,CNS_POSSIBLE_YN,LEAVE_YN,VALID_YN,DEPART_CD,DEPART_NM,CREATE_DT,CREATER,UPDATE_DT,UPDATER,MEMBER_GROUP_DIV_CD,CNSR_MAX_CNT,PWD2,PWD3,LOGIN_UPDATE_DT,LOGIN_FAIL_CNT,LINK_IP,PREV_LOGIN_DT,PREV_LINK_IP,LOGIN_DT) VALUES ('1000000382','77000361','오정민','e882831b45ad483f187d608a4bf52cf32af21fc2d1269316173fda79084894a7',NULL,NULL,NULL,NULL,'M','1000000382','77000361','Y','N','Y','CS','CS팀',TIMESTAMP '2020-01-02 19:51:38.000000','1999999991',TIMESTAMP '2020-01-02 20:03:14.000000','1999999991',NULL,10,NULL,NULL,NULL,0,NULL,NULL,NULL,NULL);
INSERT INTO TB_MEMBER_INFO (MEMBER_UID,ID,NAME,PWD,PWD_CHNG_DT,EMAIL,TEL,MEMBER_IMG_URL,MEMBER_DIV_CD,UPPER_MEMBER_UID,COC_ID,CNS_POSSIBLE_YN,LEAVE_YN,VALID_YN,DEPART_CD,DEPART_NM,CREATE_DT,CREATER,UPDATE_DT,UPDATER,MEMBER_GROUP_DIV_CD,CNSR_MAX_CNT,PWD2,PWD3,LOGIN_UPDATE_DT,LOGIN_FAIL_CNT,LINK_IP,PREV_LOGIN_DT,PREV_LINK_IP,LOGIN_DT) VALUES ('1000000390','77000363','김도윤','7fbf70210cf803f5da51234a9aa22b003ca2e371bc3eae02d65f0e64ed755864',TIMESTAMP '2020-01-02 20:51:17.000000',NULL,NULL,NULL,'C','1000000001','77000363','Y','N','Y','TM','TM팀',TIMESTAMP '2020-01-02 20:48:45.000000','1999999992',TIMESTAMP '2020-01-02 20:50:53.000000','1999999992',NULL,10,'1d97efd043f5df3c36ee8d0f6dab2bd0c2aa759cbe676d177df54d1d90ad298a',NULL,NULL,0,'0:0:0:0:0:0:0:1',TIMESTAMP '2020-01-02 20:51:36.000000','0:0:0:0:0:0:0:1',TIMESTAMP '2020-01-02 20:52:32.000000');
INSERT INTO TB_MEMBER_INFO (MEMBER_UID,ID,NAME,PWD,PWD_CHNG_DT,EMAIL,TEL,MEMBER_IMG_URL,MEMBER_DIV_CD,UPPER_MEMBER_UID,COC_ID,CNS_POSSIBLE_YN,LEAVE_YN,VALID_YN,DEPART_CD,DEPART_NM,CREATE_DT,CREATER,UPDATE_DT,UPDATER,MEMBER_GROUP_DIV_CD,CNSR_MAX_CNT,PWD2,PWD3,LOGIN_UPDATE_DT,LOGIN_FAIL_CNT,LINK_IP,PREV_LOGIN_DT,PREV_LINK_IP,LOGIN_DT) VALUES ('1000000203','00007051','이안나','7fbf70210cf803f5da51234a9aa22b003ca2e371bc3eae02d65f0e64ed755864',TIMESTAMP '2019-12-19 17:20:18.000000',NULL,NULL,NULL,'C','1000000002','00007051','Y','N','Y','CS','CS팀',TIMESTAMP '2019-11-29 09:19:26.000000','1000000002',TIMESTAMP '2020-01-02 13:41:56.000000','1000000002',NULL,2,'a9409e23010c6964b9801e410d5e5f4e6744c1618765cd234d7c0761fc4bba5b','a9409e23010c6964b9801e410d5e5f4e6744c1618765cd234d7c0761fc4bba5b',TIMESTAMP '2019-12-19 17:20:25.000000',0,NULL,NULL,NULL,NULL);
INSERT INTO TB_MEMBER_INFO (MEMBER_UID,ID,NAME,PWD,PWD_CHNG_DT,EMAIL,TEL,MEMBER_IMG_URL,MEMBER_DIV_CD,UPPER_MEMBER_UID,COC_ID,CNS_POSSIBLE_YN,LEAVE_YN,VALID_YN,DEPART_CD,DEPART_NM,CREATE_DT,CREATER,UPDATE_DT,UPDATER,MEMBER_GROUP_DIV_CD,CNSR_MAX_CNT,PWD2,PWD3,LOGIN_UPDATE_DT,LOGIN_FAIL_CNT,LINK_IP,PREV_LOGIN_DT,PREV_LINK_IP,LOGIN_DT) VALUES ('1100000023','cscounselor3','CS 상담원3','7fbf70210cf803f5da51234a9aa22b003ca2e371bc3eae02d65f0e64ed755864',TIMESTAMP '2019-12-10 15:07:15.000000',NULL,NULL,NULL,'C','1000000002','cscounselor3','Y','Y','Y','CS','CS팀',TIMESTAMP '2018-12-11 00:00:00.000000','9000000001',TIMESTAMP '2019-12-31 09:04:28.000000','1999999991',NULL,10,'b203d062746ef033f45f346e2eb3a78b7485d2627aa2a560f62fcdfea2ae6dd0',NULL,TIMESTAMP '2019-12-02 13:14:09.000000',0,NULL,NULL,NULL,NULL);
INSERT INTO TB_MEMBER_INFO (MEMBER_UID,ID,NAME,PWD,PWD_CHNG_DT,EMAIL,TEL,MEMBER_IMG_URL,MEMBER_DIV_CD,UPPER_MEMBER_UID,COC_ID,CNS_POSSIBLE_YN,LEAVE_YN,VALID_YN,DEPART_CD,DEPART_NM,CREATE_DT,CREATER,UPDATE_DT,UPDATER,MEMBER_GROUP_DIV_CD,CNSR_MAX_CNT,PWD2,PWD3,LOGIN_UPDATE_DT,LOGIN_FAIL_CNT,LINK_IP,PREV_LOGIN_DT,PREV_LINK_IP,LOGIN_DT) VALUES ('9999999995','mock_happy_bot','가라 해피 봇',NULL,TIMESTAMP '2019-12-10 15:07:15.000000',NULL,NULL,NULL,'R','9999999995',NULL,'N','N','N',NULL,NULL,TIMESTAMP '2018-09-07 00:00:00.000000','9999999991',TIMESTAMP '2018-09-28 00:00:00.000000','9999999991',NULL,10,NULL,NULL,NULL,0,NULL,NULL,NULL,NULL);
INSERT INTO TB_MEMBER_INFO (MEMBER_UID,ID,NAME,PWD,PWD_CHNG_DT,EMAIL,TEL,MEMBER_IMG_URL,MEMBER_DIV_CD,UPPER_MEMBER_UID,COC_ID,CNS_POSSIBLE_YN,LEAVE_YN,VALID_YN,DEPART_CD,DEPART_NM,CREATE_DT,CREATER,UPDATE_DT,UPDATER,MEMBER_GROUP_DIV_CD,CNSR_MAX_CNT,PWD2,PWD3,LOGIN_UPDATE_DT,LOGIN_FAIL_CNT,LINK_IP,PREV_LOGIN_DT,PREV_LINK_IP,LOGIN_DT) VALUES ('1999999991','csadmin','CS 슈퍼유저','7fbf70210cf803f5da51234a9aa22b003ca2e371bc3eae02d65f0e64ed755864',TIMESTAMP '2019-12-23 12:59:28.000000',NULL,NULL,NULL,'S',NULL,'csadmin','N','N','Y','CS','CS팀',TIMESTAMP '2018-09-07 00:00:00.000000','9999999991',TIMESTAMP '2019-12-02 18:07:10.000000','1999999991',NULL,10,'c912b7fc4971502fe4b378472b0e5ef60a1a2fed32322f59cca2b64f0e01b543','fe5b244631e7271a75aa74ed5652c7d599ae62841814c2d73da2610194f3a64e',TIMESTAMP '2019-12-24 16:37:19.000000',0,'10.170.100.68',TIMESTAMP '2020-01-03 11:35:46.000000','10.11.110.33',TIMESTAMP '2020-01-03 13:21:39.000000');
INSERT INTO TB_MEMBER_INFO (MEMBER_UID,ID,NAME,PWD,PWD_CHNG_DT,EMAIL,TEL,MEMBER_IMG_URL,MEMBER_DIV_CD,UPPER_MEMBER_UID,COC_ID,CNS_POSSIBLE_YN,LEAVE_YN,VALID_YN,DEPART_CD,DEPART_NM,CREATE_DT,CREATER,UPDATE_DT,UPDATER,MEMBER_GROUP_DIV_CD,CNSR_MAX_CNT,PWD2,PWD3,LOGIN_UPDATE_DT,LOGIN_FAIL_CNT,LINK_IP,PREV_LOGIN_DT,PREV_LINK_IP,LOGIN_DT) VALUES ('9999999991','system','시스템',NULL,TIMESTAMP '2019-12-10 15:07:15.000000',NULL,NULL,NULL,'A','9999999991',NULL,'N','N','N',NULL,NULL,TIMESTAMP '2018-09-19 00:00:00.000000','9999999991',TIMESTAMP '2018-09-28 00:00:00.000000','9999999991',NULL,10,NULL,NULL,NULL,0,NULL,NULL,NULL,NULL);
INSERT INTO TB_MEMBER_INFO (MEMBER_UID,ID,NAME,PWD,PWD_CHNG_DT,EMAIL,TEL,MEMBER_IMG_URL,MEMBER_DIV_CD,UPPER_MEMBER_UID,COC_ID,CNS_POSSIBLE_YN,LEAVE_YN,VALID_YN,DEPART_CD,DEPART_NM,CREATE_DT,CREATER,UPDATE_DT,UPDATER,MEMBER_GROUP_DIV_CD,CNSR_MAX_CNT,PWD2,PWD3,LOGIN_UPDATE_DT,LOGIN_FAIL_CNT,LINK_IP,PREV_LOGIN_DT,PREV_LINK_IP,LOGIN_DT) VALUES ('9999999992','default_cnsr','기본상담원',NULL,TIMESTAMP '2019-12-10 15:07:15.000000',NULL,NULL,NULL,'A','9999999992',NULL,'N','N','N',NULL,NULL,TIMESTAMP '2018-09-19 00:00:00.000000','9999999991',TIMESTAMP '2018-09-28 00:00:00.000000','9999999991',NULL,10,NULL,NULL,NULL,0,NULL,NULL,NULL,NULL);
INSERT INTO TB_MEMBER_INFO (MEMBER_UID,ID,NAME,PWD,PWD_CHNG_DT,EMAIL,TEL,MEMBER_IMG_URL,MEMBER_DIV_CD,UPPER_MEMBER_UID,COC_ID,CNS_POSSIBLE_YN,LEAVE_YN,VALID_YN,DEPART_CD,DEPART_NM,CREATE_DT,CREATER,UPDATE_DT,UPDATER,MEMBER_GROUP_DIV_CD,CNSR_MAX_CNT,PWD2,PWD3,LOGIN_UPDATE_DT,LOGIN_FAIL_CNT,LINK_IP,PREV_LOGIN_DT,PREV_LINK_IP,LOGIN_DT) VALUES ('9999999993','happy_bot','해피 봇',NULL,TIMESTAMP '2019-12-10 15:07:15.000000',NULL,NULL,NULL,'R','9999999993',NULL,'N','N','N',NULL,NULL,TIMESTAMP '2018-09-07 00:00:00.000000','9999999991',TIMESTAMP '2018-09-28 00:00:00.000000','9999999991',NULL,10,NULL,NULL,NULL,0,NULL,NULL,NULL,NULL);
INSERT INTO TB_MEMBER_INFO (MEMBER_UID,ID,NAME,PWD,PWD_CHNG_DT,EMAIL,TEL,MEMBER_IMG_URL,MEMBER_DIV_CD,UPPER_MEMBER_UID,COC_ID,CNS_POSSIBLE_YN,LEAVE_YN,VALID_YN,DEPART_CD,DEPART_NM,CREATE_DT,CREATER,UPDATE_DT,UPDATER,MEMBER_GROUP_DIV_CD,CNSR_MAX_CNT,PWD2,PWD3,LOGIN_UPDATE_DT,LOGIN_FAIL_CNT,LINK_IP,PREV_LOGIN_DT,PREV_LINK_IP,LOGIN_DT) VALUES ('1999999992','tmadmin','TM 슈퍼유저','7fbf70210cf803f5da51234a9aa22b003ca2e371bc3eae02d65f0e64ed755864',TIMESTAMP '2019-12-19 15:28:45.000000',NULL,NULL,NULL,'S','9000000001','tmadmin','N','N','Y','TM','TM팀',TIMESTAMP '2018-09-07 00:00:00.000000','9999999991',TIMESTAMP '2018-09-28 00:00:00.000000','9999999991',NULL,10,'106396cadb45e137c27dbcd08c1a7388e4f86e28f6a40401884fc114e48fb18b','106396cadb45e137c27dbcd08c1a7388e4f86e28f6a40401884fc114e48fb18b',TIMESTAMP '2019-12-20 17:34:51.000000',0,'127.0.0.1',TIMESTAMP '2020-01-03 10:42:16.000000','10.170.101.140',TIMESTAMP '2020-01-03 13:37:28.000000');
INSERT INTO TB_MEMBER_INFO (MEMBER_UID,ID,NAME,PWD,PWD_CHNG_DT,EMAIL,TEL,MEMBER_IMG_URL,MEMBER_DIV_CD,UPPER_MEMBER_UID,COC_ID,CNS_POSSIBLE_YN,LEAVE_YN,VALID_YN,DEPART_CD,DEPART_NM,CREATE_DT,CREATER,UPDATE_DT,UPDATER,MEMBER_GROUP_DIV_CD,CNSR_MAX_CNT,PWD2,PWD3,LOGIN_UPDATE_DT,LOGIN_FAIL_CNT,LINK_IP,PREV_LOGIN_DT,PREV_LINK_IP,LOGIN_DT) VALUES ('1000000002','csmanager1','CS 매니저1','7fbf70210cf803f5da51234a9aa22b003ca2e371bc3eae02d65f0e64ed755864',TIMESTAMP '2019-12-26 10:01:46.000000',NULL,NULL,NULL,'M',NULL,'csmanager1','Y','N','Y','CS','CS팀',TIMESTAMP '2018-12-11 00:00:00.000000','9000000001',TIMESTAMP '2020-01-02 11:13:58.000000','1999999991',NULL,9,'2db817f57363b49d5ab29ad72d4a4a5804a9ee1d15dd74e9912c571b3bcc5e77','2db817f57363b49d5ab29ad72d4a4a5804a9ee1d15dd74e9912c571b3bcc5e77',TIMESTAMP '2019-12-26 10:15:42.000000',0,'10.11.110.67',TIMESTAMP '2020-01-03 13:21:23.000000','10.170.100.68',TIMESTAMP '2020-01-03 13:47:27.000000');
INSERT INTO TB_MEMBER_INFO (MEMBER_UID,ID,NAME,PWD,PWD_CHNG_DT,EMAIL,TEL,MEMBER_IMG_URL,MEMBER_DIV_CD,UPPER_MEMBER_UID,COC_ID,CNS_POSSIBLE_YN,LEAVE_YN,VALID_YN,DEPART_CD,DEPART_NM,CREATE_DT,CREATER,UPDATE_DT,UPDATER,MEMBER_GROUP_DIV_CD,CNSR_MAX_CNT,PWD2,PWD3,LOGIN_UPDATE_DT,LOGIN_FAIL_CNT,LINK_IP,PREV_LOGIN_DT,PREV_LINK_IP,LOGIN_DT) VALUES ('1000000001','tmmanager1','TM 매니저1','7fbf70210cf803f5da51234a9aa22b003ca2e371bc3eae02d65f0e64ed755864',TIMESTAMP '2019-12-27 11:40:01.000000',NULL,NULL,NULL,'M',NULL,'tmmanager1','Y','N','Y','TM','TM팀',TIMESTAMP '2018-11-26 00:00:00.000000','9000000001',TIMESTAMP '2020-01-02 11:13:58.000000','1999999991',NULL,9,'7fbf70210cf803f5da51234a9aa22b003ca2e371bc3eae02d65f0e64ed755864','7fbf70210cf803f5da51234a9aa22b003ca2e371bc3eae02d65f0e64ed755864',TIMESTAMP '2019-12-24 16:40:53.000000',0,'10.178.101.56',TIMESTAMP '2020-01-03 13:25:29.000000','0:0:0:0:0:0:0:1',TIMESTAMP '2020-01-03 13:32:29.000000');
INSERT INTO TB_MEMBER_INFO (MEMBER_UID,ID,NAME,PWD,PWD_CHNG_DT,EMAIL,TEL,MEMBER_IMG_URL,MEMBER_DIV_CD,UPPER_MEMBER_UID,COC_ID,CNS_POSSIBLE_YN,LEAVE_YN,VALID_YN,DEPART_CD,DEPART_NM,CREATE_DT,CREATER,UPDATE_DT,UPDATER,MEMBER_GROUP_DIV_CD,CNSR_MAX_CNT,PWD2,PWD3,LOGIN_UPDATE_DT,LOGIN_FAIL_CNT,LINK_IP,PREV_LOGIN_DT,PREV_LINK_IP,LOGIN_DT) VALUES ('1000000123','20006513300','박미영','59771f66c1b549d54f5c37b6af0470daf48e64a960748ab0e5b253a61d18747b',TIMESTAMP '2019-12-10 15:07:15.000000',NULL,NULL,NULL,'C','1000000001','20006513300','Y','N','N','TM','TM팀',TIMESTAMP '2019-11-05 00:10:09.000000','1000000001',TIMESTAMP '2019-12-05 19:09:35.000000','1999999992',NULL,10,'59771f66c1b549d54f5c37b6af0470daf48e64a960748ab0e5b253a61d18747b','59771f66c1b549d54f5c37b6af0470daf48e64a960748ab0e5b253a61d18747b',NULL,0,NULL,NULL,NULL,NULL);
INSERT INTO TB_MEMBER_INFO (MEMBER_UID,ID,NAME,PWD,PWD_CHNG_DT,EMAIL,TEL,MEMBER_IMG_URL,MEMBER_DIV_CD,UPPER_MEMBER_UID,COC_ID,CNS_POSSIBLE_YN,LEAVE_YN,VALID_YN,DEPART_CD,DEPART_NM,CREATE_DT,CREATER,UPDATE_DT,UPDATER,MEMBER_GROUP_DIV_CD,CNSR_MAX_CNT,PWD2,PWD3,LOGIN_UPDATE_DT,LOGIN_FAIL_CNT,LINK_IP,PREV_LOGIN_DT,PREV_LINK_IP,LOGIN_DT) VALUES ('1000000013','tmcounselor3','TM 상담원3','7fbf70210cf803f5da51234a9aa22b003ca2e371bc3eae02d65f0e64ed755864',TIMESTAMP '2019-12-10 15:07:15.000000',NULL,NULL,NULL,'C','1000000002','tmcounselor3','Y','Y','Y','TM','TM팀',TIMESTAMP '2018-11-26 00:00:00.000000','9000000001',TIMESTAMP '2019-11-01 23:03:15.000000','1000000001',NULL,10,NULL,NULL,NULL,0,NULL,NULL,NULL,NULL);
INSERT INTO TB_MEMBER_INFO (MEMBER_UID,ID,NAME,PWD,PWD_CHNG_DT,EMAIL,TEL,MEMBER_IMG_URL,MEMBER_DIV_CD,UPPER_MEMBER_UID,COC_ID,CNS_POSSIBLE_YN,LEAVE_YN,VALID_YN,DEPART_CD,DEPART_NM,CREATE_DT,CREATER,UPDATE_DT,UPDATER,MEMBER_GROUP_DIV_CD,CNSR_MAX_CNT,PWD2,PWD3,LOGIN_UPDATE_DT,LOGIN_FAIL_CNT,LINK_IP,PREV_LOGIN_DT,PREV_LINK_IP,LOGIN_DT) VALUES ('1000000021','cscounselor1','CS 상담원1','d055633670f3a796bbe5c311615bcd065c4295c0fc04e77ac1fae85b7d82ce02',TIMESTAMP '2019-12-26 09:46:17.000000',NULL,NULL,NULL,'C','1000000002','cscounselor1','Y','Y','N','CS','CS팀',TIMESTAMP '2018-12-11 00:00:00.000000','9000000001',TIMESTAMP '2019-12-31 09:04:40.000000','1999999991',NULL,10,'7fbf70210cf803f5da51234a9aa22b003ca2e371bc3eae02d65f0e64ed755864','ab94ded675d31589cc4044e2576cc9a8e3115ed5af243c7eb8757ffd1736639c',TIMESTAMP '2019-12-13 11:10:01.000000',0,NULL,NULL,NULL,NULL);
INSERT INTO TB_MEMBER_INFO (MEMBER_UID,ID,NAME,PWD,PWD_CHNG_DT,EMAIL,TEL,MEMBER_IMG_URL,MEMBER_DIV_CD,UPPER_MEMBER_UID,COC_ID,CNS_POSSIBLE_YN,LEAVE_YN,VALID_YN,DEPART_CD,DEPART_NM,CREATE_DT,CREATER,UPDATE_DT,UPDATER,MEMBER_GROUP_DIV_CD,CNSR_MAX_CNT,PWD2,PWD3,LOGIN_UPDATE_DT,LOGIN_FAIL_CNT,LINK_IP,PREV_LOGIN_DT,PREV_LINK_IP,LOGIN_DT) VALUES ('1000000011','tmcounselor1','TM 상담원1','7fbf70210cf803f5da51234a9aa22b003ca2e371bc3eae02d65f0e64ed755864',TIMESTAMP '2019-12-10 15:07:15.000000',NULL,NULL,NULL,'C','1000000321','tmcounselor1','Y','N','Y','TM','TM팀',TIMESTAMP '2018-11-26 00:00:00.000000','9000000001',TIMESTAMP '2020-01-02 19:24:50.000000','1999999992',NULL,20,'fe8cc4f0a9ef9596b5fdea0ede825c16772c60ed60f03578ae99deb24fba4bad',NULL,TIMESTAMP '2019-12-23 20:03:00.000000',0,'127.0.0.1',TIMESTAMP '2020-01-02 18:00:46.000000','127.0.0.1',TIMESTAMP '2020-01-03 13:52:57.000000');
INSERT INTO TB_MEMBER_INFO (MEMBER_UID,ID,NAME,PWD,PWD_CHNG_DT,EMAIL,TEL,MEMBER_IMG_URL,MEMBER_DIV_CD,UPPER_MEMBER_UID,COC_ID,CNS_POSSIBLE_YN,LEAVE_YN,VALID_YN,DEPART_CD,DEPART_NM,CREATE_DT,CREATER,UPDATE_DT,UPDATER,MEMBER_GROUP_DIV_CD,CNSR_MAX_CNT,PWD2,PWD3,LOGIN_UPDATE_DT,LOGIN_FAIL_CNT,LINK_IP,PREV_LOGIN_DT,PREV_LINK_IP,LOGIN_DT) VALUES ('1000000022','cscounselor2','CS 상담원2','7fbf70210cf803f5da51234a9aa22b003ca2e371bc3eae02d65f0e64ed755864',TIMESTAMP '2019-12-10 15:07:15.000000',NULL,NULL,NULL,'C','1000000002','cscounselor2','Y','Y','Y','CS','CS팀',TIMESTAMP '2018-12-11 00:00:00.000000','9000000001',TIMESTAMP '2019-12-31 09:04:18.000000','1999999991',NULL,10,'b203d062746ef033f45f346e2eb3a78b7485d2627aa2a560f62fcdfea2ae6dd0',NULL,TIMESTAMP '2019-12-09 14:04:10.000000',0,NULL,NULL,NULL,NULL);
INSERT INTO TB_MEMBER_INFO (MEMBER_UID,ID,NAME,PWD,PWD_CHNG_DT,EMAIL,TEL,MEMBER_IMG_URL,MEMBER_DIV_CD,UPPER_MEMBER_UID,COC_ID,CNS_POSSIBLE_YN,LEAVE_YN,VALID_YN,DEPART_CD,DEPART_NM,CREATE_DT,CREATER,UPDATE_DT,UPDATER,MEMBER_GROUP_DIV_CD,CNSR_MAX_CNT,PWD2,PWD3,LOGIN_UPDATE_DT,LOGIN_FAIL_CNT,LINK_IP,PREV_LOGIN_DT,PREV_LINK_IP,LOGIN_DT) VALUES ('1000000012','tmcounselor2','TM 상담원2','7fbf70210cf803f5da51234a9aa22b003ca2e371bc3eae02d65f0e64ed755864',TIMESTAMP '2019-12-10 15:07:15.000000',NULL,NULL,NULL,'C','1000000001','tmcounselor2','Y','Y','Y','TM','TM팀',TIMESTAMP '2018-11-26 00:00:00.000000','9000000001',TIMESTAMP '2019-12-02 11:28:27.000000','9000000001',NULL,20,'f49e93f2645747c403b63fde40b5bc5e84f3287b81669628c4a42451dfeb849f',NULL,TIMESTAMP '2019-11-28 16:55:35.000000',0,NULL,NULL,NULL,NULL);
INSERT INTO TB_MEMBER_INFO (MEMBER_UID,ID,NAME,PWD,PWD_CHNG_DT,EMAIL,TEL,MEMBER_IMG_URL,MEMBER_DIV_CD,UPPER_MEMBER_UID,COC_ID,CNS_POSSIBLE_YN,LEAVE_YN,VALID_YN,DEPART_CD,DEPART_NM,CREATE_DT,CREATER,UPDATE_DT,UPDATER,MEMBER_GROUP_DIV_CD,CNSR_MAX_CNT,PWD2,PWD3,LOGIN_UPDATE_DT,LOGIN_FAIL_CNT,LINK_IP,PREV_LOGIN_DT,PREV_LINK_IP,LOGIN_DT) VALUES ('9999999994','ibot','오픈빌더 봇',NULL,TIMESTAMP '2019-12-10 15:07:15.000000',NULL,NULL,NULL,'R','9999999994',NULL,'N','N','N',NULL,NULL,TIMESTAMP '2018-09-07 00:00:00.000000','9999999991',TIMESTAMP '2018-09-28 00:00:00.000000','9999999991',NULL,10,NULL,NULL,NULL,0,NULL,NULL,NULL,NULL);
INSERT INTO TB_MEMBER_INFO (MEMBER_UID,ID,NAME,PWD,PWD_CHNG_DT,EMAIL,TEL,MEMBER_IMG_URL,MEMBER_DIV_CD,UPPER_MEMBER_UID,COC_ID,CNS_POSSIBLE_YN,LEAVE_YN,VALID_YN,DEPART_CD,DEPART_NM,CREATE_DT,CREATER,UPDATE_DT,UPDATER,MEMBER_GROUP_DIV_CD,CNSR_MAX_CNT,PWD2,PWD3,LOGIN_UPDATE_DT,LOGIN_FAIL_CNT,LINK_IP,PREV_LOGIN_DT,PREV_LINK_IP,LOGIN_DT) VALUES ('9999999996','category_bot','분류 봇',NULL,TIMESTAMP '2019-12-10 15:07:15.000000',NULL,NULL,NULL,'R','9999999996',NULL,'N','N','N',NULL,NULL,TIMESTAMP '2018-09-07 00:00:00.000000','9999999991',TIMESTAMP '2018-09-28 00:00:00.000000','9999999991',NULL,10,NULL,NULL,NULL,0,NULL,NULL,NULL,NULL);
INSERT INTO TB_MEMBER_INFO (MEMBER_UID,ID,NAME,PWD,PWD_CHNG_DT,EMAIL,TEL,MEMBER_IMG_URL,MEMBER_DIV_CD,UPPER_MEMBER_UID,COC_ID,CNS_POSSIBLE_YN,LEAVE_YN,VALID_YN,DEPART_CD,DEPART_NM,CREATE_DT,CREATER,UPDATE_DT,UPDATER,MEMBER_GROUP_DIV_CD,CNSR_MAX_CNT,PWD2,PWD3,LOGIN_UPDATE_DT,LOGIN_FAIL_CNT,LINK_IP,PREV_LOGIN_DT,PREV_LINK_IP,LOGIN_DT) VALUES ('1000000201','00002735','이정민','c1d2d1c1b1402d81d16f37546fdcc0cb5d7e8c4bb35483de644d81f76a460bfe',TIMESTAMP '2019-12-10 15:07:15.000000',NULL,NULL,NULL,'C','1000000002','00002735','Y','Y','Y','CS','CS팀',TIMESTAMP '2019-11-29 09:17:21.000000','1000000002',TIMESTAMP '2019-12-23 09:36:46.000000','1999999991',NULL,5,'c1d2d1c1b1402d81d16f37546fdcc0cb5d7e8c4bb35483de644d81f76a460bfe','c1d2d1c1b1402d81d16f37546fdcc0cb5d7e8c4bb35483de644d81f76a460bfe',NULL,0,NULL,NULL,NULL,NULL);
INSERT INTO TB_MEMBER_INFO (MEMBER_UID,ID,NAME,PWD,PWD_CHNG_DT,EMAIL,TEL,MEMBER_IMG_URL,MEMBER_DIV_CD,UPPER_MEMBER_UID,COC_ID,CNS_POSSIBLE_YN,LEAVE_YN,VALID_YN,DEPART_CD,DEPART_NM,CREATE_DT,CREATER,UPDATE_DT,UPDATER,MEMBER_GROUP_DIV_CD,CNSR_MAX_CNT,PWD2,PWD3,LOGIN_UPDATE_DT,LOGIN_FAIL_CNT,LINK_IP,PREV_LOGIN_DT,PREV_LINK_IP,LOGIN_DT) VALUES ('1000000202','00001452','유지연','7fbf70210cf803f5da51234a9aa22b003ca2e371bc3eae02d65f0e64ed755864',TIMESTAMP '2019-12-10 15:07:15.000000',NULL,NULL,NULL,'C','1000000002','00001452','Y','N','Y','CS','CS팀',TIMESTAMP '2019-11-29 09:18:20.000000','1000000002',TIMESTAMP '2020-01-02 13:41:56.000000','1000000002',NULL,2,'7fbf70210cf803f5da51234a9aa22b003ca2e371bc3eae02d65f0e64ed755864','ccd2cc2a4cb85169bc90dffc1f2952206a6dbbb8c1d476fe668d4075d043438e',TIMESTAMP '2019-12-24 16:39:39.000000',0,'10.11.110.33',TIMESTAMP '2020-01-03 11:24:27.000000','10.11.110.67',TIMESTAMP '2020-01-03 12:53:43.000000');
INSERT INTO TB_MEMBER_INFO (MEMBER_UID,ID,NAME,PWD,PWD_CHNG_DT,EMAIL,TEL,MEMBER_IMG_URL,MEMBER_DIV_CD,UPPER_MEMBER_UID,COC_ID,CNS_POSSIBLE_YN,LEAVE_YN,VALID_YN,DEPART_CD,DEPART_NM,CREATE_DT,CREATER,UPDATE_DT,UPDATER,MEMBER_GROUP_DIV_CD,CNSR_MAX_CNT,PWD2,PWD3,LOGIN_UPDATE_DT,LOGIN_FAIL_CNT,LINK_IP,PREV_LOGIN_DT,PREV_LINK_IP,LOGIN_DT) VALUES ('1000000321','51180287','최정림','4cddba9da2fa56cf85474b1f96ba3c961f16b9f9a0b8fa9afe3389911d77ba55',TIMESTAMP '2019-12-30 18:09:51.000000',NULL,NULL,NULL,'M',NULL,'51180287','Y','N','Y','TM','TM팀',TIMESTAMP '2019-12-16 15:45:57.000000','1999999992',TIMESTAMP '2019-12-27 21:35:43.000000','1999999992',NULL,10,'bff9aa29bdfa694946f4e8a8bd01f6e8a57d82bae0c788d52d6587c9b4e1da19','7fbf70210cf803f5da51234a9aa22b003ca2e371bc3eae02d65f0e64ed755864',TIMESTAMP '2019-12-16 15:48:24.000000',0,'10.170.101.140',TIMESTAMP '2019-12-30 18:10:11.000000','10.170.101.140',TIMESTAMP '2019-12-30 18:10:44.000000');
INSERT INTO TB_MEMBER_INFO (MEMBER_UID,ID,NAME,PWD,PWD_CHNG_DT,EMAIL,TEL,MEMBER_IMG_URL,MEMBER_DIV_CD,UPPER_MEMBER_UID,COC_ID,CNS_POSSIBLE_YN,LEAVE_YN,VALID_YN,DEPART_CD,DEPART_NM,CREATE_DT,CREATER,UPDATE_DT,UPDATER,MEMBER_GROUP_DIV_CD,CNSR_MAX_CNT,PWD2,PWD3,LOGIN_UPDATE_DT,LOGIN_FAIL_CNT,LINK_IP,PREV_LOGIN_DT,PREV_LINK_IP,LOGIN_DT) VALUES ('1000000323','00002733','유창목','f5712ddcf5b67bf51d9c43ecc4a0ca2b1f732cef1db55fbf2e0e3f7041f89586',TIMESTAMP '2019-12-18 11:15:12.000000',NULL,NULL,NULL,'C','1000000002','00002733','Y','Y','N','CS','CS팀',TIMESTAMP '2019-12-16 17:15:18.000000','1999999991',TIMESTAMP '2019-12-18 11:15:59.000000','1999999991',NULL,10,'f5712ddcf5b67bf51d9c43ecc4a0ca2b1f732cef1db55fbf2e0e3f7041f89586',NULL,NULL,0,NULL,NULL,NULL,NULL);
INSERT INTO TB_MEMBER_INFO (MEMBER_UID,ID,NAME,PWD,PWD_CHNG_DT,EMAIL,TEL,MEMBER_IMG_URL,MEMBER_DIV_CD,UPPER_MEMBER_UID,COC_ID,CNS_POSSIBLE_YN,LEAVE_YN,VALID_YN,DEPART_CD,DEPART_NM,CREATE_DT,CREATER,UPDATE_DT,UPDATER,MEMBER_GROUP_DIV_CD,CNSR_MAX_CNT,PWD2,PWD3,LOGIN_UPDATE_DT,LOGIN_FAIL_CNT,LINK_IP,PREV_LOGIN_DT,PREV_LINK_IP,LOGIN_DT) VALUES ('1000000361','77000376','김성운','71240ac833bee0f528f310afe49ad14d86ca28d98fd95100cd53ef5198fdf63e',TIMESTAMP '2019-12-30 10:08:54.000000',NULL,NULL,NULL,'C','1000000002','77000376','Y','N','Y','CS','CS팀',TIMESTAMP '2019-12-27 11:32:37.000000','1999999991',TIMESTAMP '2019-12-31 15:18:08.000000','1999999991',NULL,3,'6da386ed48668c4f7d701ba5e1ac60169b4910167049fcb0ab6721df248413f1','6da386ed48668c4f7d701ba5e1ac60169b4910167049fcb0ab6721df248413f1',NULL,0,'0:0:0:0:0:0:0:1',TIMESTAMP '2019-12-30 10:09:05.000000','125.132.3.169',TIMESTAMP '2019-12-30 10:09:44.000000');
INSERT INTO TB_MEMBER_INFO (MEMBER_UID,ID,NAME,PWD,PWD_CHNG_DT,EMAIL,TEL,MEMBER_IMG_URL,MEMBER_DIV_CD,UPPER_MEMBER_UID,COC_ID,CNS_POSSIBLE_YN,LEAVE_YN,VALID_YN,DEPART_CD,DEPART_NM,CREATE_DT,CREATER,UPDATE_DT,UPDATER,MEMBER_GROUP_DIV_CD,CNSR_MAX_CNT,PWD2,PWD3,LOGIN_UPDATE_DT,LOGIN_FAIL_CNT,LINK_IP,PREV_LOGIN_DT,PREV_LINK_IP,LOGIN_DT) VALUES ('1000000221','77000365','김희주','f931f97f1322c0bb0efb6bd8eec5310847b5920457b2fb7e168053de0950127f',TIMESTAMP '2019-12-10 15:07:15.000000',NULL,NULL,NULL,'C','1000000001','77000365','Y','N','Y','TM','TM팀',TIMESTAMP '2019-12-03 11:35:31.000000','1999999992',TIMESTAMP '2019-12-27 21:39:14.000000','1999999992',NULL,10,'f931f97f1322c0bb0efb6bd8eec5310847b5920457b2fb7e168053de0950127f',NULL,TIMESTAMP '2019-12-11 19:12:34.000000',0,NULL,NULL,NULL,NULL);
INSERT INTO TB_MEMBER_INFO (MEMBER_UID,ID,NAME,PWD,PWD_CHNG_DT,EMAIL,TEL,MEMBER_IMG_URL,MEMBER_DIV_CD,UPPER_MEMBER_UID,COC_ID,CNS_POSSIBLE_YN,LEAVE_YN,VALID_YN,DEPART_CD,DEPART_NM,CREATE_DT,CREATER,UPDATE_DT,UPDATER,MEMBER_GROUP_DIV_CD,CNSR_MAX_CNT,PWD2,PWD3,LOGIN_UPDATE_DT,LOGIN_FAIL_CNT,LINK_IP,PREV_LOGIN_DT,PREV_LINK_IP,LOGIN_DT) VALUES ('1000000141','77000366','임성빈','25a76897d01e087805c30e00ca2a0ae111b84317cf38ad900117259d8ef75ae7',TIMESTAMP '2019-12-27 19:01:38.000000',NULL,NULL,NULL,'C','1000000001','77000366','Y','N','Y','TM','TM팀',TIMESTAMP '2019-11-15 14:52:47.000000','1000000001',TIMESTAMP '2019-12-27 21:39:05.000000','1999999992',NULL,10,'583cdde70633b5afa0a95ef3231c3401ddd8c05abfe45975c4805726c1807486','c11a972ffb2c60c4b5cae2639137cf8fd464c8d26552a2d44c319e98594c603c',TIMESTAMP '2019-12-19 20:21:16.000000',0,'10.170.101.140',TIMESTAMP '2020-01-02 14:29:44.000000','10.170.101.140',TIMESTAMP '2020-01-02 15:46:18.000000');
INSERT INTO TB_MEMBER_INFO (MEMBER_UID,ID,NAME,PWD,PWD_CHNG_DT,EMAIL,TEL,MEMBER_IMG_URL,MEMBER_DIV_CD,UPPER_MEMBER_UID,COC_ID,CNS_POSSIBLE_YN,LEAVE_YN,VALID_YN,DEPART_CD,DEPART_NM,CREATE_DT,CREATER,UPDATE_DT,UPDATER,MEMBER_GROUP_DIV_CD,CNSR_MAX_CNT,PWD2,PWD3,LOGIN_UPDATE_DT,LOGIN_FAIL_CNT,LINK_IP,PREV_LOGIN_DT,PREV_LINK_IP,LOGIN_DT) VALUES ('1000000261','00008042','김미진','11d09a29e5cb4d81bb8860a05b2c0dfd50b2b25a2d12b672e955fa114371dd1c',TIMESTAMP '2019-12-10 15:07:15.000000',NULL,NULL,NULL,'C','1000000002','00008042','Y','Y','Y','CS','CS팀',TIMESTAMP '2019-12-10 09:52:29.000000','1999999991',TIMESTAMP '2019-12-23 09:36:41.000000','1999999991',NULL,10,'11d09a29e5cb4d81bb8860a05b2c0dfd50b2b25a2d12b672e955fa114371dd1c','11d09a29e5cb4d81bb8860a05b2c0dfd50b2b25a2d12b672e955fa114371dd1c',NULL,0,NULL,NULL,NULL,NULL);
INSERT INTO TB_MEMBER_INFO (MEMBER_UID,ID,NAME,PWD,PWD_CHNG_DT,EMAIL,TEL,MEMBER_IMG_URL,MEMBER_DIV_CD,UPPER_MEMBER_UID,COC_ID,CNS_POSSIBLE_YN,LEAVE_YN,VALID_YN,DEPART_CD,DEPART_NM,CREATE_DT,CREATER,UPDATE_DT,UPDATER,MEMBER_GROUP_DIV_CD,CNSR_MAX_CNT,PWD2,PWD3,LOGIN_UPDATE_DT,LOGIN_FAIL_CNT,LINK_IP,PREV_LOGIN_DT,PREV_LINK_IP,LOGIN_DT) VALUES ('1000000281','77000434','김승규','bf4f8e7c92fac50dd84aa5c4546a9b69dff314d7c7573cc7b3ae0c6132c1a07b',NULL,NULL,NULL,NULL,'C','1000000001','77000434','Y','N','Y','TM','TM팀',TIMESTAMP '2019-12-11 13:30:53.000000','1999999992',TIMESTAMP '2019-12-27 21:35:38.000000','1999999992',NULL,10,NULL,NULL,NULL,0,NULL,NULL,NULL,NULL);
INSERT INTO TB_MEMBER_INFO (MEMBER_UID,ID,NAME,PWD,PWD_CHNG_DT,EMAIL,TEL,MEMBER_IMG_URL,MEMBER_DIV_CD,UPPER_MEMBER_UID,COC_ID,CNS_POSSIBLE_YN,LEAVE_YN,VALID_YN,DEPART_CD,DEPART_NM,CREATE_DT,CREATER,UPDATE_DT,UPDATER,MEMBER_GROUP_DIV_CD,CNSR_MAX_CNT,PWD2,PWD3,LOGIN_UPDATE_DT,LOGIN_FAIL_CNT,LINK_IP,PREV_LOGIN_DT,PREV_LINK_IP,LOGIN_DT) VALUES ('1000000384','77000216','강혜림','71e2ee3ca4bd95a219e71251471a93142aab3b1ae919155171adecc8df7ee37b',NULL,NULL,NULL,NULL,'C','1999999991','77000216','Y','N','N','CS','CS팀',TIMESTAMP '2020-01-02 20:20:48.000000','1999999991',TIMESTAMP '2020-01-02 20:20:48.000000','1999999991',NULL,10,NULL,NULL,NULL,0,NULL,NULL,NULL,NULL);
INSERT INTO TB_MEMBER_INFO (MEMBER_UID,ID,NAME,PWD,PWD_CHNG_DT,EMAIL,TEL,MEMBER_IMG_URL,MEMBER_DIV_CD,UPPER_MEMBER_UID,COC_ID,CNS_POSSIBLE_YN,LEAVE_YN,VALID_YN,DEPART_CD,DEPART_NM,CREATE_DT,CREATER,UPDATE_DT,UPDATER,MEMBER_GROUP_DIV_CD,CNSR_MAX_CNT,PWD2,PWD3,LOGIN_UPDATE_DT,LOGIN_FAIL_CNT,LINK_IP,PREV_LOGIN_DT,PREV_LINK_IP,LOGIN_DT) VALUES ('1000000204','26503705','박미영','7fbf70210cf803f5da51234a9aa22b003ca2e371bc3eae02d65f0e64ed755864',TIMESTAMP '2019-12-12 17:20:28.000000',NULL,NULL,NULL,'C','1000000002','26503705','Y','N','Y','CS','CS팀',TIMESTAMP '2019-11-29 18:58:10.000000','9000000002',TIMESTAMP '2019-12-31 12:41:33.000000','1000000002',NULL,1,'b10a46837348f128cdf75449f536745cb3ff5ea0bb100568b12bfb6a4ee16c93','62f57154e6bf4c587a1a3437b594cd8b09c3c3f22e0a3047eff439f66ba96ec2',TIMESTAMP '2019-12-23 13:38:30.000000',0,'10.170.100.67',TIMESTAMP '2019-12-31 13:58:42.000000','10.170.100.67',TIMESTAMP '2020-01-03 11:27:54.000000');
INSERT INTO TB_MEMBER_INFO (MEMBER_UID,ID,NAME,PWD,PWD_CHNG_DT,EMAIL,TEL,MEMBER_IMG_URL,MEMBER_DIV_CD,UPPER_MEMBER_UID,COC_ID,CNS_POSSIBLE_YN,LEAVE_YN,VALID_YN,DEPART_CD,DEPART_NM,CREATE_DT,CREATER,UPDATE_DT,UPDATER,MEMBER_GROUP_DIV_CD,CNSR_MAX_CNT,PWD2,PWD3,LOGIN_UPDATE_DT,LOGIN_FAIL_CNT,LINK_IP,PREV_LOGIN_DT,PREV_LINK_IP,LOGIN_DT) VALUES ('1000000301','00003366','김진영','9e5d293e287bfd4148a233e29ca33caa61713ee1bceea2c553cb78fbc3e8ecd2',NULL,NULL,NULL,NULL,'C','1000000002','00003366','Y','Y','Y','CS','CS팀',TIMESTAMP '2019-12-13 13:54:12.000000','1000000002',TIMESTAMP '2019-12-23 09:36:55.000000','1999999991',NULL,10,NULL,NULL,NULL,0,NULL,NULL,NULL,NULL);
INSERT INTO TB_MEMBER_INFO (MEMBER_UID,ID,NAME,PWD,PWD_CHNG_DT,EMAIL,TEL,MEMBER_IMG_URL,MEMBER_DIV_CD,UPPER_MEMBER_UID,COC_ID,CNS_POSSIBLE_YN,LEAVE_YN,VALID_YN,DEPART_CD,DEPART_NM,CREATE_DT,CREATER,UPDATE_DT,UPDATER,MEMBER_GROUP_DIV_CD,CNSR_MAX_CNT,PWD2,PWD3,LOGIN_UPDATE_DT,LOGIN_FAIL_CNT,LINK_IP,PREV_LOGIN_DT,PREV_LINK_IP,LOGIN_DT) VALUES ('1000000383','77000360','심상수','e78d869bb0c12127add4db09609ed39e81753b3e9eae1bcfb3203a6bbd7c05cb',NULL,NULL,NULL,NULL,'C','1000000382','77000360','Y','N','Y','CS','CS팀',TIMESTAMP '2020-01-02 19:51:51.000000','1999999991',TIMESTAMP '2020-01-02 20:03:45.000000','1999999991',NULL,10,NULL,NULL,NULL,0,NULL,NULL,NULL,NULL);

INSERT INTO TB_MENU (MENU_ID,MENU_NM,MENU_DIV,LOCALE,MENU_DC,MENU_PATH,MENU_LVL,MENU_NUM,UPR_MENU_ID,LEFT_MENU_YN,USER_AUTH,USE_YN,CREATE_DT,CREATER,UPDATE_DT,UPDATER,CHAT) VALUES (87,'Counseling','counselManage','en','Counseling','/reporting/counseling',2,53,84,'Y','SMC','Y',TIMESTAMP '2019-09-17 00:00:00.000000','admin',TIMESTAMP '2019-09-17 00:00:00.000000',NULL,'N');
INSERT INTO TB_MENU (MENU_ID,MENU_NM,MENU_DIV,LOCALE,MENU_DC,MENU_PATH,MENU_LVL,MENU_NUM,UPR_MENU_ID,LEFT_MENU_YN,USER_AUTH,USE_YN,CREATE_DT,CREATER,UPDATE_DT,UPDATER,CHAT) VALUES (88,'Notice','counselManage','en','Notice','/notice/noticeList',1,60,NULL,'Y','SMC','Y',TIMESTAMP '2019-09-17 00:00:00.000000','admin',TIMESTAMP '2019-09-17 00:00:00.000000',NULL,'N');
INSERT INTO TB_MENU (MENU_ID,MENU_NM,MENU_DIV,LOCALE,MENU_DC,MENU_PATH,MENU_LVL,MENU_NUM,UPR_MENU_ID,LEFT_MENU_YN,USER_AUTH,USE_YN,CREATE_DT,CREATER,UPDATE_DT,UPDATER,CHAT) VALUES (89,'Help','counselManage','en','Help','/manage/selectMemberList',1,70,NULL,'Y','SMC','Y',TIMESTAMP '2019-09-17 00:00:00.000000','admin',TIMESTAMP '2019-09-17 00:00:00.000000',NULL,'N');
INSERT INTO TB_MENU (MENU_ID,MENU_NM,MENU_DIV,LOCALE,MENU_DC,MENU_PATH,MENU_LVL,MENU_NUM,UPR_MENU_ID,LEFT_MENU_YN,USER_AUTH,USE_YN,CREATE_DT,CREATER,UPDATE_DT,UPDATER,CHAT) VALUES (90,'상담 정보 관리','counselManage','ko','상담 정보 관리',NULL,1,40,NULL,'Y','SMC','Y',TIMESTAMP '2019-09-18 00:00:00.000000','admin',TIMESTAMP '2019-09-18 00:00:00.000000',NULL,NULL);
INSERT INTO TB_MENU (MENU_ID,MENU_NM,MENU_DIV,LOCALE,MENU_DC,MENU_PATH,MENU_LVL,MENU_NUM,UPR_MENU_ID,LEFT_MENU_YN,USER_AUTH,USE_YN,CREATE_DT,CREATER,UPDATE_DT,UPDATER,CHAT) VALUES (92,'상담방 관리','counselManage','ko','상담방 관리',NULL,1,50,NULL,'Y','SMC','Y',TIMESTAMP '2019-09-18 00:00:00.000000','admin',TIMESTAMP '2019-09-18 00:00:00.000000',NULL,NULL);
INSERT INTO TB_MENU (MENU_ID,MENU_NM,MENU_DIV,LOCALE,MENU_DC,MENU_PATH,MENU_LVL,MENU_NUM,UPR_MENU_ID,LEFT_MENU_YN,USER_AUTH,USE_YN,CREATE_DT,CREATER,UPDATE_DT,UPDATER,CHAT) VALUES (93,'해피봇 시나리오 관리','serviceSet','ko','해피봇 시나리오 관리','/happytalk/happybot/certification',1,50,NULL,'Y','SMC','Y',TIMESTAMP '2019-09-18 00:00:00.000000','admin',TIMESTAMP '2019-09-18 00:00:00.000000',NULL,NULL);
INSERT INTO TB_MENU (MENU_ID,MENU_NM,MENU_DIV,LOCALE,MENU_DC,MENU_PATH,MENU_LVL,MENU_NUM,UPR_MENU_ID,LEFT_MENU_YN,USER_AUTH,USE_YN,CREATE_DT,CREATER,UPDATE_DT,UPDATER,CHAT) VALUES (95,'자동완성 관리','counselManage','ko','자동완성 관리','/autoCmp/selectAutoCmpList',2,30,92,'Y','SMC','Y',TIMESTAMP '2019-09-18 00:00:00.000000','admin',TIMESTAMP '2019-09-18 00:00:00.000000',NULL,'N');
INSERT INTO TB_MENU (MENU_ID,MENU_NM,MENU_DIV,LOCALE,MENU_DC,MENU_PATH,MENU_LVL,MENU_NUM,UPR_MENU_ID,LEFT_MENU_YN,USER_AUTH,USE_YN,CREATE_DT,CREATER,UPDATE_DT,UPDATER,CHAT) VALUES (99,'매니저 상담 요청','counselManage','ko','매니저 상담 요청','/chatManage/selectStatusRoomList?schRoomStatus=managerChange',1,20,98,'Y','M','Y',TIMESTAMP '2019-10-11 00:00:00.000000','admin',TIMESTAMP '2019-10-11 00:00:00.000000',NULL,'request_manager_counsel');
INSERT INTO TB_MENU (MENU_ID,MENU_NM,MENU_DIV,LOCALE,MENU_DC,MENU_PATH,MENU_LVL,MENU_NUM,UPR_MENU_ID,LEFT_MENU_YN,USER_AUTH,USE_YN,CREATE_DT,CREATER,UPDATE_DT,UPDATER,CHAT) VALUES (100,'코끼리 등록 요청','counselManage','ko','코끼리 등록 요청','/chatManage/selectStatusRoomList?schRoomStatus=cstmGrade',1,40,98,'Y','M','Y',TIMESTAMP '2019-10-11 00:00:00.000000','admin',TIMESTAMP '2019-10-11 00:00:00.000000',NULL,'request_cstm_grade');
INSERT INTO TB_MENU (MENU_ID,MENU_NM,MENU_DIV,LOCALE,MENU_DC,MENU_PATH,MENU_LVL,MENU_NUM,UPR_MENU_ID,LEFT_MENU_YN,USER_AUTH,USE_YN,CREATE_DT,CREATER,UPDATE_DT,UPDATER,CHAT) VALUES (98,'매니저 상담 관리','counselManage','ko','매니저 상담 관리',NULL,1,35,NULL,'Y','M','Y',TIMESTAMP '2019-10-11 00:00:00.000000','admin',TIMESTAMP '2019-10-11 00:00:00.000000',NULL,'Y');
INSERT INTO TB_MENU (MENU_ID,MENU_NM,MENU_DIV,LOCALE,MENU_DC,MENU_PATH,MENU_LVL,MENU_NUM,UPR_MENU_ID,LEFT_MENU_YN,USER_AUTH,USE_YN,CREATE_DT,CREATER,UPDATE_DT,UPDATER,CHAT) VALUES (21,'Home','serviceSet','ko','Home','/report/adminMain',1,10,NULL,'N','SMC','N',TIMESTAMP '2019-09-17 00:00:00.000000','admin',NULL,NULL,NULL);
INSERT INTO TB_MENU (MENU_ID,MENU_NM,MENU_DIV,LOCALE,MENU_DC,MENU_PATH,MENU_LVL,MENU_NUM,UPR_MENU_ID,LEFT_MENU_YN,USER_AUTH,USE_YN,CREATE_DT,CREATER,UPDATE_DT,UPDATER,CHAT) VALUES (23,'기본 정보 설정','serviceSet','ko','기본 정보 설정',NULL,1,20,NULL,'Y','SMC','Y',TIMESTAMP '2019-09-17 00:00:00.000000','admin',NULL,NULL,NULL);
INSERT INTO TB_MENU (MENU_ID,MENU_NM,MENU_DIV,LOCALE,MENU_DC,MENU_PATH,MENU_LVL,MENU_NUM,UPR_MENU_ID,LEFT_MENU_YN,USER_AUTH,USE_YN,CREATE_DT,CREATER,UPDATE_DT,UPDATER,CHAT) VALUES (24,'정보 일괄 설정','serviceSet','ko','정보 일괄 설정','/set/selectSet',2,21,23,'Y','SMC','Y',TIMESTAMP '2019-09-17 00:00:00.000000','admin',NULL,NULL,NULL);
INSERT INTO TB_MENU (MENU_ID,MENU_NM,MENU_DIV,LOCALE,MENU_DC,MENU_PATH,MENU_LVL,MENU_NUM,UPR_MENU_ID,LEFT_MENU_YN,USER_AUTH,USE_YN,CREATE_DT,CREATER,UPDATE_DT,UPDATER,CHAT) VALUES (25,'메시지 관리','serviceSet','ko','메시지 관리','/set/selectMessage',2,41,23,'Y','SMC','Y',TIMESTAMP '2019-09-17 00:00:00.000000','admin',NULL,NULL,NULL);
INSERT INTO TB_MENU (MENU_ID,MENU_NM,MENU_DIV,LOCALE,MENU_DC,MENU_PATH,MENU_LVL,MENU_NUM,UPR_MENU_ID,LEFT_MENU_YN,USER_AUTH,USE_YN,CREATE_DT,CREATER,UPDATE_DT,UPDATER,CHAT) VALUES (26,'템플릿 관리','counselManage','ko','템플릿 관리','/template/selectTemplate',2,20,92,'Y','SMC','Y',TIMESTAMP '2019-09-17 00:00:00.000000','admin',NULL,NULL,'N');
INSERT INTO TB_MENU (MENU_ID,MENU_NM,MENU_DIV,LOCALE,MENU_DC,MENU_PATH,MENU_LVL,MENU_NUM,UPR_MENU_ID,LEFT_MENU_YN,USER_AUTH,USE_YN,CREATE_DT,CREATER,UPDATE_DT,UPDATER,CHAT) VALUES (27,'휴무일/근무 관리','counselManage','ko','휴무일/근무 관리','/manage/workManage',2,31,90,'Y','SMC','Y',TIMESTAMP '2019-09-17 00:00:00.000000','admin',NULL,NULL,'Y');
INSERT INTO TB_MENU (MENU_ID,MENU_NM,MENU_DIV,LOCALE,MENU_DC,MENU_PATH,MENU_LVL,MENU_NUM,UPR_MENU_ID,LEFT_MENU_YN,USER_AUTH,USE_YN,CREATE_DT,CREATER,UPDATE_DT,UPDATER,CHAT) VALUES (28,'금지어 관리','counselManage','ko','금지어 관리','/set/selectForbidden',2,10,92,'Y','SMC','Y',TIMESTAMP '2019-09-17 00:00:00.000000','admin',NULL,NULL,'Y');
INSERT INTO TB_MENU (MENU_ID,MENU_NM,MENU_DIV,LOCALE,MENU_DC,MENU_PATH,MENU_LVL,MENU_NUM,UPR_MENU_ID,LEFT_MENU_YN,USER_AUTH,USE_YN,CREATE_DT,CREATER,UPDATE_DT,UPDATER,CHAT) VALUES (29,'상담 분류 설정','serviceSet','ko','상담 분류 설정','/category/selectCategory',2,23,23,'Y','SMC','Y',TIMESTAMP '2019-09-17 00:00:00.000000','admin',NULL,NULL,NULL);
INSERT INTO TB_MENU (MENU_ID,MENU_NM,MENU_DIV,LOCALE,MENU_DC,MENU_PATH,MENU_LVL,MENU_NUM,UPR_MENU_ID,LEFT_MENU_YN,USER_AUTH,USE_YN,CREATE_DT,CREATER,UPDATE_DT,UPDATER,CHAT) VALUES (30,'상담 배분 관리','counselManage','ko','상담 배분 관리','/category/selectCategoryMatch',2,32,90,'Y','SMC','Y',TIMESTAMP '2019-09-17 00:00:00.000000','admin',NULL,NULL,'Y');
INSERT INTO TB_MENU (MENU_ID,MENU_NM,MENU_DIV,LOCALE,MENU_DC,MENU_PATH,MENU_LVL,MENU_NUM,UPR_MENU_ID,LEFT_MENU_YN,USER_AUTH,USE_YN,CREATE_DT,CREATER,UPDATE_DT,UPDATER,CHAT) VALUES (31,'서비스 이용내역','serviceSet','ko','서비스 이용내역','/manage/selectLogList',1,90,NULL,'Y','SMC','Y',TIMESTAMP '2019-09-17 00:00:00.000000','admin',NULL,NULL,NULL);
INSERT INTO TB_MENU (MENU_ID,MENU_NM,MENU_DIV,LOCALE,MENU_DC,MENU_PATH,MENU_LVL,MENU_NUM,UPR_MENU_ID,LEFT_MENU_YN,USER_AUTH,USE_YN,CREATE_DT,CREATER,UPDATE_DT,UPDATER,CHAT) VALUES (32,'공지사항 관리','counselManage','ko','공지사항 관리','/notice/noticeList',1,70,NULL,'N','SMC','N',TIMESTAMP '2019-09-17 00:00:00.000000','admin',NULL,NULL,NULL);
INSERT INTO TB_MENU (MENU_ID,MENU_NM,MENU_DIV,LOCALE,MENU_DC,MENU_PATH,MENU_LVL,MENU_NUM,UPR_MENU_ID,LEFT_MENU_YN,USER_AUTH,USE_YN,CREATE_DT,CREATER,UPDATE_DT,UPDATER,CHAT) VALUES (33,'코끼리 관리','counselManage','ko','코끼리 관리','/manage/selectUserGradeList',1,60,NULL,'Y','SMC','Y',TIMESTAMP '2019-09-17 00:00:00.000000','admin',NULL,NULL,NULL);
INSERT INTO TB_MENU (MENU_ID,MENU_NM,MENU_DIV,LOCALE,MENU_DC,MENU_PATH,MENU_LVL,MENU_NUM,UPR_MENU_ID,LEFT_MENU_YN,USER_AUTH,USE_YN,CREATE_DT,CREATER,UPDATE_DT,UPDATER,CHAT) VALUES (34,'계정 관리','serviceSet','ko','계정 관리','/manage/selectMemberList',1,80,NULL,'Y','SMC','Y',TIMESTAMP '2019-09-17 00:00:00.000000','admin',NULL,NULL,NULL);
INSERT INTO TB_MENU (MENU_ID,MENU_NM,MENU_DIV,LOCALE,MENU_DC,MENU_PATH,MENU_LVL,MENU_NUM,UPR_MENU_ID,LEFT_MENU_YN,USER_AUTH,USE_YN,CREATE_DT,CREATER,UPDATE_DT,UPDATER,CHAT) VALUES (37,'Service','serviceSet','en','Service',NULL,1,20,NULL,'Y','SMC','Y',TIMESTAMP '2019-09-17 00:00:00.000000','admin',NULL,NULL,NULL);
INSERT INTO TB_MENU (MENU_ID,MENU_NM,MENU_DIV,LOCALE,MENU_DC,MENU_PATH,MENU_LVL,MENU_NUM,UPR_MENU_ID,LEFT_MENU_YN,USER_AUTH,USE_YN,CREATE_DT,CREATER,UPDATE_DT,UPDATER,CHAT) VALUES (38,'Default Setting','serviceSet','en','Default Setting','/report/adminMain',2,21,37,'Y','SMC','Y',TIMESTAMP '2019-09-17 00:00:00.000000','admin',NULL,NULL,NULL);
INSERT INTO TB_MENU (MENU_ID,MENU_NM,MENU_DIV,LOCALE,MENU_DC,MENU_PATH,MENU_LVL,MENU_NUM,UPR_MENU_ID,LEFT_MENU_YN,USER_AUTH,USE_YN,CREATE_DT,CREATER,UPDATE_DT,UPDATER,CHAT) VALUES (39,'Message Management','serviceSet','en','Message Management','/set/selectMessage',2,22,37,'Y','SMC','Y',TIMESTAMP '2019-09-17 00:00:00.000000','admin',NULL,NULL,NULL);
INSERT INTO TB_MENU (MENU_ID,MENU_NM,MENU_DIV,LOCALE,MENU_DC,MENU_PATH,MENU_LVL,MENU_NUM,UPR_MENU_ID,LEFT_MENU_YN,USER_AUTH,USE_YN,CREATE_DT,CREATER,UPDATE_DT,UPDATER,CHAT) VALUES (40,'Template Management','serviceSet','en','Template Management','/template/selectTemplate',2,23,37,'Y','SMC','Y',TIMESTAMP '2019-09-17 00:00:00.000000','admin',NULL,NULL,NULL);
INSERT INTO TB_MENU (MENU_ID,MENU_NM,MENU_DIV,LOCALE,MENU_DC,MENU_PATH,MENU_LVL,MENU_NUM,UPR_MENU_ID,LEFT_MENU_YN,USER_AUTH,USE_YN,CREATE_DT,CREATER,UPDATE_DT,UPDATER,CHAT) VALUES (41,'Holiday Management','serviceSet','en','Holiday Management','/manage/workManage',2,24,37,'Y','SMC','Y',TIMESTAMP '2019-09-17 00:00:00.000000','admin',NULL,NULL,NULL);
INSERT INTO TB_MENU (MENU_ID,MENU_NM,MENU_DIV,LOCALE,MENU_DC,MENU_PATH,MENU_LVL,MENU_NUM,UPR_MENU_ID,LEFT_MENU_YN,USER_AUTH,USE_YN,CREATE_DT,CREATER,UPDATE_DT,UPDATER,CHAT) VALUES (42,'Forbidden Management','serviceSet','en','Forbidden Management','/set/selectForbidden',2,25,37,'Y','SMC','Y',TIMESTAMP '2019-09-17 00:00:00.000000','admin',NULL,NULL,NULL);
INSERT INTO TB_MENU (MENU_ID,MENU_NM,MENU_DIV,LOCALE,MENU_DC,MENU_PATH,MENU_LVL,MENU_NUM,UPR_MENU_ID,LEFT_MENU_YN,USER_AUTH,USE_YN,CREATE_DT,CREATER,UPDATE_DT,UPDATER,CHAT) VALUES (43,'Category Management','serviceSet','en','Category Management','/category/selectCategory',1,30,NULL,'Y','SMC','Y',TIMESTAMP '2019-09-17 00:00:00.000000','admin',NULL,NULL,NULL);
INSERT INTO TB_MENU (MENU_ID,MENU_NM,MENU_DIV,LOCALE,MENU_DC,MENU_PATH,MENU_LVL,MENU_NUM,UPR_MENU_ID,LEFT_MENU_YN,USER_AUTH,USE_YN,CREATE_DT,CREATER,UPDATE_DT,UPDATER,CHAT) VALUES (44,'Category Match Management','serviceSet','en','Category Match Management','/category/selectCategoryMatch',1,40,NULL,'Y','SMC','Y',TIMESTAMP '2019-09-17 00:00:00.000000','admin',NULL,NULL,NULL);
INSERT INTO TB_MENU (MENU_ID,MENU_NM,MENU_DIV,LOCALE,MENU_DC,MENU_PATH,MENU_LVL,MENU_NUM,UPR_MENU_ID,LEFT_MENU_YN,USER_AUTH,USE_YN,CREATE_DT,CREATER,UPDATE_DT,UPDATER,CHAT) VALUES (45,'Log List','serviceSet','en','Log List','/manage/selectLogList',1,50,NULL,'Y','SMC','Y',TIMESTAMP '2019-09-17 00:00:00.000000','admin',NULL,NULL,NULL);
INSERT INTO TB_MENU (MENU_ID,MENU_NM,MENU_DIV,LOCALE,MENU_DC,MENU_PATH,MENU_LVL,MENU_NUM,UPR_MENU_ID,LEFT_MENU_YN,USER_AUTH,USE_YN,CREATE_DT,CREATER,UPDATE_DT,UPDATER,CHAT) VALUES (46,'Notice Management','serviceSet','en','Notice Management','/notice/noticeList',1,60,NULL,'Y','SMC','Y',TIMESTAMP '2019-09-17 00:00:00.000000','admin',NULL,NULL,NULL);
INSERT INTO TB_MENU (MENU_ID,MENU_NM,MENU_DIV,LOCALE,MENU_DC,MENU_PATH,MENU_LVL,MENU_NUM,UPR_MENU_ID,LEFT_MENU_YN,USER_AUTH,USE_YN,CREATE_DT,CREATER,UPDATE_DT,UPDATER,CHAT) VALUES (47,'User Grade Management','serviceSet','en','User Grade Management','/manage/selectUserGradeList',1,70,NULL,'Y','SMC','Y',TIMESTAMP '2019-09-17 00:00:00.000000','admin',NULL,NULL,NULL);
INSERT INTO TB_MENU (MENU_ID,MENU_NM,MENU_DIV,LOCALE,MENU_DC,MENU_PATH,MENU_LVL,MENU_NUM,UPR_MENU_ID,LEFT_MENU_YN,USER_AUTH,USE_YN,CREATE_DT,CREATER,UPDATE_DT,UPDATER,CHAT) VALUES (48,'Member Management','serviceSet','en','Member Management','/manage/selectMemberList',1,80,NULL,'Y','SMC','Y',TIMESTAMP '2019-09-17 00:00:00.000000','admin',NULL,NULL,NULL);
INSERT INTO TB_MENU (MENU_ID,MENU_NM,MENU_DIV,LOCALE,MENU_DC,MENU_PATH,MENU_LVL,MENU_NUM,UPR_MENU_ID,LEFT_MENU_YN,USER_AUTH,USE_YN,CREATE_DT,CREATER,UPDATE_DT,UPDATER,CHAT) VALUES (49,'Help','serviceSet','en','Help',NULL,1,90,NULL,'Y','SMC','Y',TIMESTAMP '2019-09-17 00:00:00.000000','admin',NULL,NULL,NULL);
INSERT INTO TB_MENU (MENU_ID,MENU_NM,MENU_DIV,LOCALE,MENU_DC,MENU_PATH,MENU_LVL,MENU_NUM,UPR_MENU_ID,LEFT_MENU_YN,USER_AUTH,USE_YN,CREATE_DT,CREATER,UPDATE_DT,UPDATER,CHAT) VALUES (68,'상담 품질지표(SQI)','counselManage','ko','상담 품질지표(SQI)','/reporting/sqireport',2,44,64,'Y','SMC','Y',TIMESTAMP '2019-09-18 00:00:00.000000','admin',TIMESTAMP '2019-09-18 00:00:00.000000',NULL,'N');
INSERT INTO TB_MENU (MENU_ID,MENU_NM,MENU_DIV,LOCALE,MENU_DC,MENU_PATH,MENU_LVL,MENU_NUM,UPR_MENU_ID,LEFT_MENU_YN,USER_AUTH,USE_YN,CREATE_DT,CREATER,UPDATE_DT,UPDATER,CHAT) VALUES (53,'해피봇 상담 상태','counselManage','ko','해피봇 상담 상태',NULL,1,20,NULL,'Y','M','Y',TIMESTAMP '2019-09-17 00:00:00.000000','admin',TIMESTAMP '2019-09-17 00:00:00.000000',NULL,'Y');
INSERT INTO TB_MENU (MENU_ID,MENU_NM,MENU_DIV,LOCALE,MENU_DC,MENU_PATH,MENU_LVL,MENU_NUM,UPR_MENU_ID,LEFT_MENU_YN,USER_AUTH,USE_YN,CREATE_DT,CREATER,UPDATE_DT,UPDATER,CHAT) VALUES (54,'봇상담 건','counselManage','ko','봇상담 건','/chatManage/selectStatusRoomList?schRoomStatus=botIng',2,21,53,'Y','M','Y',TIMESTAMP '2019-09-17 00:00:00.000000','admin',TIMESTAMP '2019-09-17 00:00:00.000000',NULL,'assign_robot');
INSERT INTO TB_MENU (MENU_ID,MENU_NM,MENU_DIV,LOCALE,MENU_DC,MENU_PATH,MENU_LVL,MENU_NUM,UPR_MENU_ID,LEFT_MENU_YN,USER_AUTH,USE_YN,CREATE_DT,CREATER,UPDATE_DT,UPDATER,CHAT) VALUES (55,'봇상담 종료건','counselManage','ko','봇상담 종료건','/chatManage/selectStatusRoomList?schRoomStatus=botEnd',2,22,53,'Y','M','Y',TIMESTAMP '2019-09-17 00:00:00.000000','admin',TIMESTAMP '2019-09-17 00:00:00.000000',NULL,'end_robot');
INSERT INTO TB_MENU (MENU_ID,MENU_NM,MENU_DIV,LOCALE,MENU_DC,MENU_PATH,MENU_LVL,MENU_NUM,UPR_MENU_ID,LEFT_MENU_YN,USER_AUTH,USE_YN,CREATE_DT,CREATER,UPDATE_DT,UPDATER,CHAT) VALUES (56,'상담원 배정 대기','counselManage','ko','상담원 배정 대기','/chatManage/selectStatusRoomList?schRoomStatus=cnsrWait',2,29,57,'Y','M','Y',TIMESTAMP '2019-09-17 00:00:00.000000','admin',TIMESTAMP '2019-09-17 00:00:00.000000',NULL,'wait_counselor');
INSERT INTO TB_MENU (MENU_ID,MENU_NM,MENU_DIV,LOCALE,MENU_DC,MENU_PATH,MENU_LVL,MENU_NUM,UPR_MENU_ID,LEFT_MENU_YN,USER_AUTH,USE_YN,CREATE_DT,CREATER,UPDATE_DT,UPDATER,CHAT) VALUES (57,'상담원 상담 상태','counselManage','ko','상담원 상담 상태',NULL,1,30,NULL,'Y','M','Y',TIMESTAMP '2019-09-17 00:00:00.000000','admin',TIMESTAMP '2019-09-17 00:00:00.000000',NULL,'Y');
INSERT INTO TB_MENU (MENU_ID,MENU_NM,MENU_DIV,LOCALE,MENU_DC,MENU_PATH,MENU_LVL,MENU_NUM,UPR_MENU_ID,LEFT_MENU_YN,USER_AUTH,USE_YN,CREATE_DT,CREATER,UPDATE_DT,UPDATER,CHAT) VALUES (58,'진행중','counselManage','ko','진행중','/chatManage/selectStatusRoomList?schRoomStatus=cnsrIng',2,31,57,'Y','M','Y',TIMESTAMP '2019-09-17 00:00:00.000000','admin',TIMESTAMP '2019-09-17 00:00:00.000000',NULL,'counseling');
INSERT INTO TB_MENU (MENU_ID,MENU_NM,MENU_DIV,LOCALE,MENU_DC,MENU_PATH,MENU_LVL,MENU_NUM,UPR_MENU_ID,LEFT_MENU_YN,USER_AUTH,USE_YN,CREATE_DT,CREATER,UPDATE_DT,UPDATER,CHAT) VALUES (59,'읽지않은 대화방','counselManage','ko','읽지않은 대화방','/chatManage/selectStatusRoomList?schRoomStatus=cnstNotJoin',2,32,57,'Y','M','Y',TIMESTAMP '2019-09-17 00:00:00.000000','admin',TIMESTAMP '2019-09-17 00:00:00.000000',NULL,'assign_counselor');
INSERT INTO TB_MENU (MENU_ID,MENU_NM,MENU_DIV,LOCALE,MENU_DC,MENU_PATH,MENU_LVL,MENU_NUM,UPR_MENU_ID,LEFT_MENU_YN,USER_AUTH,USE_YN,CREATE_DT,CREATER,UPDATE_DT,UPDATER,CHAT) VALUES (60,'상담종료','counselManage','ko','상담종료','/chatManage/selectStatusRoomList?schRoomStatus=cnsrEnd',2,33,57,'Y','M','Y',TIMESTAMP '2019-09-17 00:00:00.000000','admin',TIMESTAMP '2019-09-17 00:00:00.000000',NULL,'end_counselor');
INSERT INTO TB_MENU (MENU_ID,MENU_NM,MENU_DIV,LOCALE,MENU_DC,MENU_PATH,MENU_LVL,MENU_NUM,UPR_MENU_ID,LEFT_MENU_YN,USER_AUTH,USE_YN,CREATE_DT,CREATER,UPDATE_DT,UPDATER,CHAT) VALUES (61,'상담원 변경요청','counselManage','ko','상담원 변경요청','/chatManage/selectStatusRoomList?schRoomStatus=cnsrChange',2,10,98,'Y','M','Y',TIMESTAMP '2019-09-17 00:00:00.000000','admin',TIMESTAMP '2019-09-17 00:00:00.000000',NULL,'request_change_counselor');
INSERT INTO TB_MENU (MENU_ID,MENU_NM,MENU_DIV,LOCALE,MENU_DC,MENU_PATH,MENU_LVL,MENU_NUM,UPR_MENU_ID,LEFT_MENU_YN,USER_AUTH,USE_YN,CREATE_DT,CREATER,UPDATE_DT,UPDATER,CHAT) VALUES (62,'상담내용 검토요청','counselManage','ko','상담내용 검토요청','/chatManage/selectStatusRoomList?schRoomStatus=contReview',2,30,98,'Y','M','Y',TIMESTAMP '2019-09-17 00:00:00.000000','admin',TIMESTAMP '2019-09-17 00:00:00.000000',NULL,'request_review');
INSERT INTO TB_MENU (MENU_ID,MENU_NM,MENU_DIV,LOCALE,MENU_DC,MENU_PATH,MENU_LVL,MENU_NUM,UPR_MENU_ID,LEFT_MENU_YN,USER_AUTH,USE_YN,CREATE_DT,CREATER,UPDATE_DT,UPDATER,CHAT) VALUES (63,'Home','counselManage','ko','Home','/report/managerMain',1,10,NULL,'Y','SMC','Y',TIMESTAMP '2019-09-17 00:00:00.000000','admin',TIMESTAMP '2019-09-17 00:00:00.000000',NULL,'N');
INSERT INTO TB_MENU (MENU_ID,MENU_NM,MENU_DIV,LOCALE,MENU_DC,MENU_PATH,MENU_LVL,MENU_NUM,UPR_MENU_ID,LEFT_MENU_YN,USER_AUTH,USE_YN,CREATE_DT,CREATER,UPDATE_DT,UPDATER,CHAT) VALUES (64,'통계','counselManage','ko','통계',NULL,1,90,NULL,'Y','SMC','Y',TIMESTAMP '2019-09-17 00:00:00.000000','admin',TIMESTAMP '2019-09-17 00:00:00.000000',NULL,'N');
INSERT INTO TB_MENU (MENU_ID,MENU_NM,MENU_DIV,LOCALE,MENU_DC,MENU_PATH,MENU_LVL,MENU_NUM,UPR_MENU_ID,LEFT_MENU_YN,USER_AUTH,USE_YN,CREATE_DT,CREATER,UPDATE_DT,UPDATER,CHAT) VALUES (65,'월간 리포트','counselManage','ko','월간 리포트','/reporting/monthly',2,41,64,'Y','SMC','Y',TIMESTAMP '2019-09-17 00:00:00.000000','admin',TIMESTAMP '2019-09-17 00:00:00.000000',NULL,'N');
INSERT INTO TB_MENU (MENU_ID,MENU_NM,MENU_DIV,LOCALE,MENU_DC,MENU_PATH,MENU_LVL,MENU_NUM,UPR_MENU_ID,LEFT_MENU_YN,USER_AUTH,USE_YN,CREATE_DT,CREATER,UPDATE_DT,UPDATER,CHAT) VALUES (66,'일간 리포트','counselManage','ko','일간 리포트','/reporting/daily',2,42,64,'Y','SMC','Y',TIMESTAMP '2019-09-17 00:00:00.000000','admin',TIMESTAMP '2019-09-17 00:00:00.000000',NULL,'N');
INSERT INTO TB_MENU (MENU_ID,MENU_NM,MENU_DIV,LOCALE,MENU_DC,MENU_PATH,MENU_LVL,MENU_NUM,UPR_MENU_ID,LEFT_MENU_YN,USER_AUTH,USE_YN,CREATE_DT,CREATER,UPDATE_DT,UPDATER,CHAT) VALUES (67,'상담 내역','counselManage','ko','상담 내역','/reporting/counseling',2,43,64,'Y','SMC','Y',TIMESTAMP '2019-09-17 00:00:00.000000','admin',TIMESTAMP '2019-09-17 00:00:00.000000',NULL,'N');
INSERT INTO TB_MENU (MENU_ID,MENU_NM,MENU_DIV,LOCALE,MENU_DC,MENU_PATH,MENU_LVL,MENU_NUM,UPR_MENU_ID,LEFT_MENU_YN,USER_AUTH,USE_YN,CREATE_DT,CREATER,UPDATE_DT,UPDATER,CHAT) VALUES (70,'CounselManage','counselManage','en','CounselManage',NULL,1,10,NULL,'Y','SMC','Y',TIMESTAMP '2019-09-17 00:00:00.000000','admin',TIMESTAMP '2019-09-17 00:00:00.000000',NULL,'Y');
INSERT INTO TB_MENU (MENU_ID,MENU_NM,MENU_DIV,LOCALE,MENU_DC,MENU_PATH,MENU_LVL,MENU_NUM,UPR_MENU_ID,LEFT_MENU_YN,USER_AUTH,USE_YN,CREATE_DT,CREATER,UPDATE_DT,UPDATER,CHAT) VALUES (71,'CounselManage Select','counselManage','en','CounselManage Select','/manage/selectMemberList',2,12,70,'Y','SMC','Y',TIMESTAMP '2019-09-17 00:00:00.000000','admin',TIMESTAMP '2019-09-17 00:00:00.000000',NULL,'N');
INSERT INTO TB_MENU (MENU_ID,MENU_NM,MENU_DIV,LOCALE,MENU_DC,MENU_PATH,MENU_LVL,MENU_NUM,UPR_MENU_ID,LEFT_MENU_YN,USER_AUTH,USE_YN,CREATE_DT,CREATER,UPDATE_DT,UPDATER,CHAT) VALUES (72,'Work Manage','counselManage','en','Work Manage','/manage/workManage',2,11,70,'Y','SMC','Y',TIMESTAMP '2019-09-17 00:00:00.000000','admin',TIMESTAMP '2019-09-17 00:00:00.000000',NULL,'N');
INSERT INTO TB_MENU (MENU_ID,MENU_NM,MENU_DIV,LOCALE,MENU_DC,MENU_PATH,MENU_LVL,MENU_NUM,UPR_MENU_ID,LEFT_MENU_YN,USER_AUTH,USE_YN,CREATE_DT,CREATER,UPDATE_DT,UPDATER,CHAT) VALUES (73,'Bot Status','counselManage','en','Bot Status',NULL,1,20,NULL,'Y','SMC','Y',TIMESTAMP '2019-09-17 00:00:00.000000','admin',TIMESTAMP '2019-09-17 00:00:00.000000',NULL,'Y');
INSERT INTO TB_MENU (MENU_ID,MENU_NM,MENU_DIV,LOCALE,MENU_DC,MENU_PATH,MENU_LVL,MENU_NUM,UPR_MENU_ID,LEFT_MENU_YN,USER_AUTH,USE_YN,CREATE_DT,CREATER,UPDATE_DT,UPDATER,CHAT) VALUES (74,'Bot','counselManage','en','Bot','/chatManage/selectStatusRoomList?schRoomStatus=botIng',2,21,73,'Y','SMC','Y',TIMESTAMP '2019-09-17 00:00:00.000000','admin',TIMESTAMP '2019-09-17 00:00:00.000000',NULL,'assign_robot');
INSERT INTO TB_MENU (MENU_ID,MENU_NM,MENU_DIV,LOCALE,MENU_DC,MENU_PATH,MENU_LVL,MENU_NUM,UPR_MENU_ID,LEFT_MENU_YN,USER_AUTH,USE_YN,CREATE_DT,CREATER,UPDATE_DT,UPDATER,CHAT) VALUES (75,'Bot End','counselManage','en','Bot End','/chatManage/selectStatusRoomList?schRoomStatus=botEnd',2,22,73,'Y','SMC','Y',TIMESTAMP '2019-09-17 00:00:00.000000','admin',TIMESTAMP '2019-09-17 00:00:00.000000',NULL,'end_robot');
INSERT INTO TB_MENU (MENU_ID,MENU_NM,MENU_DIV,LOCALE,MENU_DC,MENU_PATH,MENU_LVL,MENU_NUM,UPR_MENU_ID,LEFT_MENU_YN,USER_AUTH,USE_YN,CREATE_DT,CREATER,UPDATE_DT,UPDATER,CHAT) VALUES (76,'Counsel Manage Wait','counselManage','en','Counsel Manage Wait','/chatManage/selectStatusRoomList?schRoomStatus=cnsrWait',2,23,73,'Y','SMC','Y',TIMESTAMP '2019-09-17 00:00:00.000000','admin',TIMESTAMP '2019-09-17 00:00:00.000000',NULL,'wait_counselor');
INSERT INTO TB_MENU (MENU_ID,MENU_NM,MENU_DIV,LOCALE,MENU_DC,MENU_PATH,MENU_LVL,MENU_NUM,UPR_MENU_ID,LEFT_MENU_YN,USER_AUTH,USE_YN,CREATE_DT,CREATER,UPDATE_DT,UPDATER,CHAT) VALUES (77,'CounselManage Status','counselManage','en','CounselManage Status',NULL,1,30,NULL,'Y','SMC','Y',TIMESTAMP '2019-09-17 00:00:00.000000','admin',TIMESTAMP '2019-09-17 00:00:00.000000',NULL,'Y');
INSERT INTO TB_MENU (MENU_ID,MENU_NM,MENU_DIV,LOCALE,MENU_DC,MENU_PATH,MENU_LVL,MENU_NUM,UPR_MENU_ID,LEFT_MENU_YN,USER_AUTH,USE_YN,CREATE_DT,CREATER,UPDATE_DT,UPDATER,CHAT) VALUES (78,'Ing','counselManage','en','Ing','/chatManage/selectStatusRoomList?schRoomStatus=cnsrIng',2,31,77,'Y','SMC','Y',TIMESTAMP '2019-09-17 00:00:00.000000','admin',TIMESTAMP '2019-09-17 00:00:00.000000',NULL,'counseling');
INSERT INTO TB_MENU (MENU_ID,MENU_NM,MENU_DIV,LOCALE,MENU_DC,MENU_PATH,MENU_LVL,MENU_NUM,UPR_MENU_ID,LEFT_MENU_YN,USER_AUTH,USE_YN,CREATE_DT,CREATER,UPDATE_DT,UPDATER,CHAT) VALUES (79,'Not Join','counselManage','en','Not Join','/chatManage/selectStatusRoomList?schRoomStatus=cnstNotJoin',2,32,77,'Y','SMC','Y',TIMESTAMP '2019-09-17 00:00:00.000000','admin',TIMESTAMP '2019-09-17 00:00:00.000000',NULL,'assign_counselor');
INSERT INTO TB_MENU (MENU_ID,MENU_NM,MENU_DIV,LOCALE,MENU_DC,MENU_PATH,MENU_LVL,MENU_NUM,UPR_MENU_ID,LEFT_MENU_YN,USER_AUTH,USE_YN,CREATE_DT,CREATER,UPDATE_DT,UPDATER,CHAT) VALUES (80,'Counsel End','counselManage','en','Counsel End','/chatManage/selectStatusRoomList?schRoomStatus=cnsrEnd',2,33,77,'Y','SMC','Y',TIMESTAMP '2019-09-17 00:00:00.000000','admin',TIMESTAMP '2019-09-17 00:00:00.000000',NULL,'end_counselor');
INSERT INTO TB_MENU (MENU_ID,MENU_NM,MENU_DIV,LOCALE,MENU_DC,MENU_PATH,MENU_LVL,MENU_NUM,UPR_MENU_ID,LEFT_MENU_YN,USER_AUTH,USE_YN,CREATE_DT,CREATER,UPDATE_DT,UPDATER,CHAT) VALUES (81,'Counsel Change','counselManage','en','Counsel Change','/chatManage/selectStatusRoomList?schRoomStatus=cnsrChange',2,34,77,'Y','SMC','Y',TIMESTAMP '2019-09-17 00:00:00.000000','admin',TIMESTAMP '2019-09-17 00:00:00.000000',NULL,'request_change_counselor');
INSERT INTO TB_MENU (MENU_ID,MENU_NM,MENU_DIV,LOCALE,MENU_DC,MENU_PATH,MENU_LVL,MENU_NUM,UPR_MENU_ID,LEFT_MENU_YN,USER_AUTH,USE_YN,CREATE_DT,CREATER,UPDATE_DT,UPDATER,CHAT) VALUES (82,'Counsel Review','counselManage','en','Counsel Review','/chatManage/selectStatusRoomList?schRoomStatus=contReview',2,35,77,'Y','SMC','Y',TIMESTAMP '2019-09-17 00:00:00.000000','admin',TIMESTAMP '2019-09-17 00:00:00.000000',NULL,'request_review');
INSERT INTO TB_MENU (MENU_ID,MENU_NM,MENU_DIV,LOCALE,MENU_DC,MENU_PATH,MENU_LVL,MENU_NUM,UPR_MENU_ID,LEFT_MENU_YN,USER_AUTH,USE_YN,CREATE_DT,CREATER,UPDATE_DT,UPDATER,CHAT) VALUES (83,'Home','counselManage','en','Home','/report/managerMain',1,40,NULL,'Y','SMC','Y',TIMESTAMP '2019-09-17 00:00:00.000000','admin',TIMESTAMP '2019-09-17 00:00:00.000000',NULL,'N');
INSERT INTO TB_MENU (MENU_ID,MENU_NM,MENU_DIV,LOCALE,MENU_DC,MENU_PATH,MENU_LVL,MENU_NUM,UPR_MENU_ID,LEFT_MENU_YN,USER_AUTH,USE_YN,CREATE_DT,CREATER,UPDATE_DT,UPDATER,CHAT) VALUES (84,'Reporting','counselManage','en','Reporting',NULL,1,50,NULL,'Y','SMC','Y',TIMESTAMP '2019-09-17 00:00:00.000000','admin',TIMESTAMP '2019-09-17 00:00:00.000000',NULL,'N');
INSERT INTO TB_MENU (MENU_ID,MENU_NM,MENU_DIV,LOCALE,MENU_DC,MENU_PATH,MENU_LVL,MENU_NUM,UPR_MENU_ID,LEFT_MENU_YN,USER_AUTH,USE_YN,CREATE_DT,CREATER,UPDATE_DT,UPDATER,CHAT) VALUES (85,'Monthly','counselManage','en','Monthly','/reporting/monthly',2,51,84,'Y','SMC','Y',TIMESTAMP '2019-09-17 00:00:00.000000','admin',TIMESTAMP '2019-09-17 00:00:00.000000',NULL,'N');
INSERT INTO TB_MENU (MENU_ID,MENU_NM,MENU_DIV,LOCALE,MENU_DC,MENU_PATH,MENU_LVL,MENU_NUM,UPR_MENU_ID,LEFT_MENU_YN,USER_AUTH,USE_YN,CREATE_DT,CREATER,UPDATE_DT,UPDATER,CHAT) VALUES (86,'Daily','counselManage','en','Daily','/reporting/daily',2,52,84,'Y','SMC','Y',TIMESTAMP '2019-09-17 00:00:00.000000','admin',TIMESTAMP '2019-09-17 00:00:00.000000',NULL,'N');
INSERT INTO TB_MENU (MENU_ID,MENU_NM,MENU_DIV,LOCALE,MENU_DC,MENU_PATH,MENU_LVL,MENU_NUM,UPR_MENU_ID,LEFT_MENU_YN,USER_AUTH,USE_YN,CREATE_DT,CREATER,UPDATE_DT,UPDATER,CHAT) VALUES (69,'봇 리포팅','counselManage','ko','봇 리포팅','/reporting/botreport',2,45,64,'Y','SMC','Y',TIMESTAMP '2019-09-17 00:00:00.000000','admin',TIMESTAMP '2019-09-17 00:00:00.000000',NULL,'N');

INSERT INTO TB_ROOM_MARK (ROOM_MARK_NUM,IMG_CLASS_NAME,MARK_DESC,DEL_YN,CREATE_DT,CREATER,UPDATE_DT,UPDATER) VALUES ('1000000000001','icon_flag_red','빨간색 깃발','N',NULL,NULL,NULL,NULL);
INSERT INTO TB_ROOM_MARK (ROOM_MARK_NUM,IMG_CLASS_NAME,MARK_DESC,DEL_YN,CREATE_DT,CREATER,UPDATE_DT,UPDATER) VALUES ('1000000000002','icon_flag_orange','icon_flag_orange','N',NULL,NULL,NULL,NULL);
INSERT INTO TB_ROOM_MARK (ROOM_MARK_NUM,IMG_CLASS_NAME,MARK_DESC,DEL_YN,CREATE_DT,CREATER,UPDATE_DT,UPDATER) VALUES ('1000000000003','icon_flag_yellow','노란색 깃발','N',NULL,NULL,NULL,NULL);
INSERT INTO TB_ROOM_MARK (ROOM_MARK_NUM,IMG_CLASS_NAME,MARK_DESC,DEL_YN,CREATE_DT,CREATER,UPDATE_DT,UPDATER) VALUES ('1000000000004','icon_flag_green','icon_flag_green','N',NULL,NULL,NULL,NULL);
INSERT INTO TB_ROOM_MARK (ROOM_MARK_NUM,IMG_CLASS_NAME,MARK_DESC,DEL_YN,CREATE_DT,CREATER,UPDATE_DT,UPDATER) VALUES ('1000000000005','icon_flag_blue','icon_flag_blue','N',NULL,NULL,NULL,NULL);
INSERT INTO TB_ROOM_MARK (ROOM_MARK_NUM,IMG_CLASS_NAME,MARK_DESC,DEL_YN,CREATE_DT,CREATER,UPDATE_DT,UPDATER) VALUES ('1000000000006','icon_flag_violet','icon_flag_violet','N',NULL,NULL,NULL,NULL);
INSERT INTO TB_ROOM_MARK (ROOM_MARK_NUM,IMG_CLASS_NAME,MARK_DESC,DEL_YN,CREATE_DT,CREATER,UPDATE_DT,UPDATER) VALUES ('1000000000007','icon_flag_atten','icon_flag_atten','N',NULL,NULL,NULL,NULL);
INSERT INTO TB_ROOM_MARK (ROOM_MARK_NUM,IMG_CLASS_NAME,MARK_DESC,DEL_YN,CREATE_DT,CREATER,UPDATE_DT,UPDATER) VALUES ('1000000000008','icon_flag_warning','icon_flag_warning','N',NULL,NULL,NULL,NULL);
INSERT INTO TB_ROOM_MARK (ROOM_MARK_NUM,IMG_CLASS_NAME,MARK_DESC,DEL_YN,CREATE_DT,CREATER,UPDATE_DT,UPDATER) VALUES ('1000000000009','icon_flag_cancel','icon_flag_cancel','N',NULL,NULL,NULL,NULL);

INSERT INTO TB_SET (SITE_ID,WORK_STATUS_CD,CNSR_MAX_CNT,AUTO_MAT_USE_YN,SELF_CHOI_USE_YN,CTG_MAPPING_USE_YN,CHATBOT_USE_YN,AUTO_CHNG_APPR_YN,CNSR_ONCE_MAX_CNT,UNSOCIAL_ACCEPT_YN,PWD_TERM_USE_YN,PWD_TERM,PASS_TIME_USE_YN,CTG_MGT_DPT,SKIN_NUM,CREATE_DT,CREATER,UPDATE_DT,UPDATER,DEPART_CD,LICENSE)
VALUES ('43021dab-7760-4c26-8e35-145964641916','W',50,'Y','N','Y','Y','Y',20,'N','N',0,'Y','2',NULL,NULL,NULL,TIMESTAMP '2020-01-02 19:28:36.000000','1999999991','TM','10');
INSERT INTO TB_SET_MSG (SITE_ID,CNS_FRT_MSG_TEXT_USE_YN,CNS_FRT_MSG,CNS_FRT_MSG_IMG_USE_YN,CNS_FRT_MSG_IMG,BUSY_MSG_USE_YN,BUSY_MSG,DELAY_GUIDE_USE_YN,DELAY_GUIDE_MSG,DELAY_GUIDE_TIME,DELAY_STOP_USE_YN,DELAY_STOP_MSG,DELAY_STOP_TIME,CNSR_END_MSG_USE_YN,CNSR_END_MSG,CSTM_END_MSG_USE_YN,CSTM_END_MSG,CNS_EVL_USE_YN,CNS_EVL_GUIDE_MSG,UNSOCIAL_MSG_USE_YN,UNSOCIAL_MSG,NOT_CNS_MSG_USE_YN,NOT_CNS_MSG,CNS_TITLE,CREATE_DT,CREATER,UPDATE_DT,UPDATER,ORG_FILE_NM,DEPART_CD,CNS_WAIT_USE_YN,CNS_WAIT_MSG,CSTM_PROH_USE_YN,CSTM_PROH_MSG,CNS_WAIT_PERS_USE_YN,CNS_WAIT_PERS_MSG,CNS_WAIT_CNT,BOT_FRT_MSG_TEXT_USE_YN,BOT_FRT_MSG,BOT_FRT_MSG_IMG_USE_YN,BOT_FRT_MSG_IMG,BOT_CSTM_ERR_MSG_USE_YN,BOT_CSTM_ERR_MSG,BOT_ORG_FILE_NM,BOT_DELAY_STOP_TIME,BOT_DELAY_GUIDE_TIME,CS_CNS_FRT_MSG_TEXT_USE_YN,CS_CNS_FRT_MSG,CS_CNS_FRT_MSG_IMG_USE_YN,CS_CNS_FRT_MSG_IMG,CS_NOT_CNS_MSG_USE_YN,CS_NOT_CNS_MSG) VALUES ('43021dab-7760-4c26-8e35-145964641916','Y','안녕하세요. 흥국화재 채팅 상담원입니다.
고객님께 정성껏 상담해드리겠습니다.
누군가의 가족이라 생각하시고,
따뜻한 말씀을 전해주세요.
','Y','https://dev-chat.heungkukfire.co.kr/happytalk/upload/first/7d54a4f1-aed2-4514-86c6-2655bfebff39__1574835126806.png','Y','죄송합니다. 지금은 많은 고객분들이 채팅 상담을 요청하셔서 응대 가능한 상담사가 없습니다. 추후 다시 이용 부탁드립니다.
※보상구비서류, 실시간이체는 챗봇서비스를 통해 확인 가능합니다. ','Y','고객님, 3분 동안 말씀이 없으시면 상담이 자동 종료될 예정입니다.
종료되기 전에 내용을 입력 해 주시면 상담이 지속됩니다.^^',2,'Y','고객님, 바쁘신지 말씀이 없으셔서 대기중인 다른 고객 상담을 위해 상담이 자동종료 되었어요. (｡•́︿•̀｡) 
1:1채팅 상담을 이용 해 주셔서 감사합니다!  ',3,'Y','상담이 종료되었습니다. 1:1채팅상담을 이용 해 주셔서 감사합니다. *^^*','Y','고객님께서 채팅상담을 종료하셔서 지금부터는 챗봇과 대화가 가능합니다. 채팅상담을 다시 신청하시려면 ''상담원 전환하기'' 메뉴를 클릭해 주세요~~','Y','채팅상담에 만족하셨나요? (๑•ㅁ•๑)/★
오늘의 상담을 ★별점★으로 평가 하실 수 있으며 고객의 소리에 항상 귀 기울이는 흥국화재가 되도록 노력하겠습니다. 
감사합니다.',NULL,'지금은 상담 가능 시간이 아닙니다. (｡•́︿•̀｡)
1:1 채팅상담 운영시간은 
평일 09:00~18:00 입니다. ',NULL,'TM 상담불가안내메시지','흥국화재 상담',NULL,NULL,TIMESTAMP '2020-01-02 15:07:52.000000','1999999992',NULL,'TM',NULL,'현재 모든 채팅상담원이 상담중입니다. 잠시만 더 기다려 주시기 바랍니다. 
고객님은 {COUNT}번째 대기고객이십니다. ^^*','Y','2018년 10월 18일부터 산업안전보건법의 고객응대근로자 보호조치가 시행되어 상담사에게 폭언/욕설/성희롱 발언시, 상담이 종료 될 수 있습니다.
욕설. 비속어를 사용하신 경우로 상담사에게 해당 메세지가 전송되지 않았습니다. 
서로를 존중하는 바른말을 사용 해 주세요. o(^-^)o','Y','현재 모든 상담원이 채팅 상담중으로, 바로 채팅상담사 배정이 어렵습니다. 추후 재이용 부탁드립니다.  ',50,'Y','현재 채봇 접속이 원활하지 않습니다.',NULL,NULL,NULL,'죄송합니다. 현재 챗봇 연결이 원활하지 않습니다.',NULL,60,55,'Y','고객님의 소중한 개인정보 보호를 위해 상담사의 별도 요청 없이 주민번호, 연락처, 계좌번호등 개인민감정보를 대화로 남기지 말아주세요~ (๑•‿•๑)',NULL,NULL,NULL,'죄송합니다. 채팅상담이 불가능 합니다. 추후 재이용 부탁 드립니다. 감사합니다.~
(1:1 채팅상담 운영시간은 평일 오전9시~오후1시 입니다. )');
INSERT INTO TB_SET_WORK_TIME (SITE_ID,WEEKDAY_START_TIME,WEEKDAY_END_TIME,SAT_WORK_YN,SAT_START_TIME,SAT_END_TIME,SUN_WORK_YN,SUN_START_TIME,SUN_END_TIME,CREATE_DT,CREATER,UPDATE_DT,UPDATER,TM_WEEKDAY_START_TIME,TM_WEEKDAY_END_TIME,TM_SAT_WORK_YN,TM_SAT_START_TIME,TM_SAT_END_TIME,TM_SUN_WORK_YN,TM_SUN_START_TIME,TM_SUN_END_TIME,CS_WEEKDAY_START_TIME,CS_WEEKDAY_END_TIME,CS_SAT_WORK_YN,CS_SAT_START_TIME,CS_SAT_END_TIME,CS_SUN_WORK_YN,CS_SUN_START_TIME,CS_SUN_END_TIME) VALUES ('43021dab-7760-4c26-8e35-145964641916','0900','2300','N','0900','2300','N','0900','2300',TIMESTAMP '2019-01-03 00:00:00.000000','9000000001',TIMESTAMP '2020-01-02 20:52:46.000000','1000000001','0901','2300','N','1014','1258','N','1103','2157','0900','1800','N','0900','1800','N','0900','1800');
INSERT INTO TB_SITE_INFO (SITE_ID,COC_NM,HOME_PAGE_URL,OWNER_NM,CHARGER_NM,CHARGER_NUM,CHARGER_EMAIL,BZNO,POST,ADDRESS1,ADDRESS2,CREATE_DT,CREATER,UPDATE_DT,UPDATER) VALUES ('43021dab-7760-4c26-8e35-145964641916','흥국화재',NULL,NULL,NULL,NULL,NULL,NULL,NULL,NULL,NULL,NULL,NULL,NULL,NULL);
